1;George;Roy;Nicole Bradford;matthew50@gmail.com;5129705797
2;Gregory;Brown;Shannon Singleton;dalton22@gmail.com;+1-664-433-4200x61133
3;Sarah;Miller;Kimberly Williams;tfox@gmail.com;8655744078
4;Angela;Garcia;Brenda Moss;ashley70@yahoo.com;+1-947-774-5269x83931
5;Maureen;Delacruz;Raymond Flowers;carterlinda@hotmail.com;5973942093
6;Andrew;Santiago;Gary Powers;mcneilaustin@hotmail.com;466-400-5211
7;Jack;Lewis;Cody Sullivan;victor40@yahoo.com;001-874-571-1777x0291
8;Amanda;Brown;Rhonda Allison;jonesabigail@hotmail.com;+1-536-314-6701x72665
9;Barbara;Villegas;Debbie Velasquez;darlene18@hotmail.com;(667)473-4564
10;Amber;Green;Cheryl Frazier;johnsondiamond@gmail.com;735-444-4370x94883
11;Shane;Romero;Christina Jones;theresa86@hotmail.com;001-441-521-2903x278
12;Matthew;Mitchell;Daniel Knapp;hconner@yahoo.com;(767)371-7572
13;Thomas;Ferguson;Andrew French;markdavis@hotmail.com;+1-827-206-6090x7161
14;Melanie;Perez;Christopher Glass;jacquelineford@gmail.com;875.379.1167x897
15;Russell;Estes;Tamara Duncan;preston31@gmail.com;6814518998
16;Jennifer;Snow;Timothy Davis;kmendoza@yahoo.com;461.371.3562
17;Edward;Zavala;Brian Ortiz;pauldeleon@yahoo.com;951.994.3544x29747
18;Stephanie;Wells;William Cook;bwheeler@gmail.com;851.911.3975x0249
19;Lisa;Rogers;Michael Hunt;anthony28@gmail.com;435-598-5032x8217
20;Brianna;Jones;Daniel Allen;jason08@hotmail.com;+1-357-422-2786x6755
21;Natalie;Reese;Kathleen Williams;michael28@hotmail.com;+1-911-304-1053x91281
22;Harold;Schmidt;Juan Mendoza;webbdon@yahoo.com;739.605.4019
23;Scott;Smith;Andrea Wallace;joseph86@gmail.com;(878)637-1116
24;Robert;Harper;Kelly Henry;lewisdiane@hotmail.com;+1-663-257-3624x820
25;Daniel;Howell;Jenna Rodriguez;georgeoconnor@gmail.com;(439)412-6530
26;Melissa;Miller;William Mcdonald;robertostewart@gmail.com;890-233-7409
27;Karen;Brown;Teresa Powers;ihall@hotmail.com;2113694722
28;Joseph;Martin;Douglas Flynn;ywilson@gmail.com;8954352055
29;Sherri;Carr;Kimberly Richard;hernandezjessica@yahoo.com;001-869-258-8433x745
30;Rebecca;Weber;Elizabeth Reyes;nblankenship@gmail.com;591-840-5325x9316
31;Allison;Wallace;Jennifer Lewis;ericdavis@yahoo.com;689.469.2214x218
32;Cynthia;White;Michael Torres;daniellewalker@hotmail.com;+1-280-724-7299x539
33;Molly;Figueroa;Cynthia Bailey;samuel44@hotmail.com;(659)936-1296
34;Alexandra;Smith;Melissa Meyer;nvillanueva@hotmail.com;001-440-290-5032
35;Emily;Bradley;John King;sduran@hotmail.com;965-577-0463x72876
36;John;Peters;Grace Gregory;zcarney@yahoo.com;(552)929-1278
37;Eric;Stevens;Johnny Hansen;navarrolindsay@hotmail.com;208-671-9092
38;Christina;Franklin;Nancy Mcdaniel DVM;richkristen@yahoo.com;001-243-670-4366
39;Dylan;Winters;Jamie Kelly;william86@gmail.com;735.238.7429
40;Brandon;Hernandez;George Oneal;chelsea88@yahoo.com;483-282-3510
41;Theresa;Bates;Ryan Parker;fanthony@gmail.com;620.834.6447
42;Lisa;Santos;Timothy Powers;swright@hotmail.com;484.377.9709
43;Heather;Decker;Andrew Norman;lindasmith@gmail.com;(611)470-8378x38136
44;Jennifer;Mcbride;Alejandra Mcguire;qvaldez@gmail.com;+1-462-405-3201x720
45;Kenneth;Baker;Matthew Perry;whitesean@hotmail.com;409.707.9663x35856
46;Patrick;Griffin;Tracy Arnold;perkinstonya@hotmail.com;(237)443-1712x714
47;Krystal;Vasquez;Lynn Owens;ucurry@gmail.com;744.820.3655x62399
48;Cassie;Stewart;Jonathan May;nestes@gmail.com;934.232.5205
49;Tammy;Powers;Stanley Carter;karen03@yahoo.com;(263)991-9548x571
50;Jessica;Larsen;Mrs. Laura Cooper;browndennis@gmail.com;2956382449
51;Lisa;Carson;Connor Phillips DDS;gberry@hotmail.com;284.989.7920
52;Brandy;Howell;Daniel Rodriguez;bgray@hotmail.com;+1-621-384-3669x27909
53;Heather;Mccarty;Michael Coleman;plynch@hotmail.com;303.756.9792
54;Connie;Travis;Scott Petersen;snyderjulia@yahoo.com;(606)647-3589x32381
55;Amanda;Castillo;Heather Vasquez;ustout@yahoo.com;248.527.9712
56;Aaron;Salinas;John Smith;eric74@gmail.com;420.444.8165
57;Evan;Myers;Brian Wright;galvanedward@yahoo.com;895.842.9320x8311
58;Kyle;Kim;Mary Ortiz;sonia21@gmail.com;(864)225-6344x4141
59;Sandra;Nielsen;Hailey Adams;eric73@hotmail.com;(643)781-1178x49951
60;Keith;Lowe;Judy Zamora DVM;johnrivera@hotmail.com;950-375-8631x592
61;Jose;Fields;Adam Burton;ngoodwin@gmail.com;904-582-4003
62;Anita;Murray;Jessica Peters;rzamora@gmail.com;984-540-6578
63;Melvin;Montgomery;Mariah West;jordan45@gmail.com;001-913-226-9391
64;Amanda;Rodriguez;Mitchell Christensen;williamsamanda@gmail.com;657-343-1411x9527
65;Wendy;Atkinson;Amber Allen;alyssa23@hotmail.com;314.897.3568x2348
66;Sarah;Morales;Michelle Jacobs;andrewpowell@hotmail.com;+1-384-316-9329x218
67;Stephen;Kelly;Breanna Marshall;tbaker@hotmail.com;(786)301-4383x174
68;Mary;Lee;Isaiah Coleman;hallvanessa@hotmail.com;990-830-1156
69;Kyle;Cruz;Alyssa Valencia;rbecker@yahoo.com;719-932-1756
70;Pamela;Fernandez;Olivia Rice;jamiemorris@yahoo.com;216.631.1922
71;Brenda;Mosley;Matthew Lee;heather35@hotmail.com;(596)828-4615
72;Felicia;Hunter;Laura Pierce;gmoore@yahoo.com;915-684-1616x33190
73;Benjamin;Nash;Jonathan Underwood;samanthaweaver@yahoo.com;(593)506-5633x59266
74;Daniel;Gonzalez;Brian Raymond;kjohnson@gmail.com;896.591.5226x404
75;Melissa;Walker;Lauren Gardner;fcarroll@gmail.com;797.984.2305
76;Emma;Ramsey;Tracy Frye;saragarcia@yahoo.com;001-361-679-7222x9351
77;Steven;Scott;Eric White;savannah45@yahoo.com;+1-216-428-9999x873
78;Angela;Leach;Brandon Roberson;johntaylor@yahoo.com;(872)726-1175x2497
79;Robert;Brown;Sharon Parks;jbrock@yahoo.com;983-865-1497x118
80;Christine;Ray;Elizabeth Ramos;mendezdylan@hotmail.com;4867241786
81;Megan;Wilson;Stephanie Henry;lori00@gmail.com;712-575-9833
82;Jeremy;Williams;Elizabeth English;wbailey@gmail.com;001-711-271-0957x87599
83;Erica;Arnold;Kimberly Drake;kaylacohen@hotmail.com;(280)690-7212
84;Johnny;Bender;Kelly Suarez;browngabriel@hotmail.com;001-886-732-7367x17209
85;Eric;Ramos;Karen Marshall;gthompson@yahoo.com;721-603-4560x806
86;Crystal;Smith;Micheal Smith;stephanie32@hotmail.com;503.499.7893x499
87;John;Hamilton;Gregory Walker;kmiller@hotmail.com;384-360-8071x189
88;Ryan;Hines;Olivia Cox;jonathanroberts@gmail.com;(549)385-5481
89;Christina;Jenkins;Jessica Thomas;sjohnston@yahoo.com;+1-281-750-6884x4689
90;Keith;Wood;Leslie Walton;robinharvey@gmail.com;001-582-775-0856x546
91;Sharon;Decker;Andrew Ruiz;hardingtammy@gmail.com;2503623457
92;Jonathan;Webb;Brittany Smith;richardjoseph@hotmail.com;(804)650-9796
93;Daniel;Jacobs;Joseph Bradley;angelamorgan@hotmail.com;8529448051
94;Reginald;Wright;Gabrielle Taylor;nancy08@yahoo.com;532.657.8910x1685
95;Sharon;Booth;Carl Salazar;dmullins@gmail.com;625-960-4049x081
96;Mary;Kent;Richard Owens;brentjones@yahoo.com;402-321-8386x413
97;Michael;Ferguson;John Romero Jr.;kelleydavid@gmail.com;515.674.8244
98;Jimmy;Garcia;James Thompson;webbandrew@yahoo.com;855-867-4802x863
99;Natasha;Kane;Michael Mendoza;matthewsmith@gmail.com;942-551-4389
100;Richard;Sweeney;Heather Hebert;davidwhite@yahoo.com;(772)415-3282x78727
101;Thomas;Hudson;Molly Harvey;powellsean@hotmail.com;761.588.1517
102;Richard;Zimmerman;Thomas Harris;vsmith@hotmail.com;880.719.4746
103;Kayla;Wilson;Brett Walker;phillip27@gmail.com;343-366-4750x097
104;Scott;Potts;Christopher House;cynthiamurray@hotmail.com;772-583-5334x933
105;Ronald;Callahan;Lisa Grimes;julianboyd@gmail.com;(836)441-4189
106;Christina;Nelson;Alex Freeman;kristenhubbard@yahoo.com;7505788682
107;Brett;Pierce;Andrea Green;ibrown@yahoo.com;244.996.4580x784
108;John;Odonnell;Amanda Navarro;fstewart@gmail.com;+1-322-807-8810
109;Anne;Campos;Brian Rodriguez;rmoreno@hotmail.com;(980)953-0955x32009
110;Jeff;Adams;Alexa Williamson;hernandezedwin@gmail.com;(566)710-4354x851
111;Tricia;Anderson;Taylor Wade;amanda98@hotmail.com;(557)524-7918x4796
112;Michael;Hayes;Michael Payne;wesley90@yahoo.com;970-606-8807
113;David;Reyes;Andrew Levy;annburgess@hotmail.com;9598884205
114;William;Johnson;Joseph Jackson;katie29@hotmail.com;987-560-3757x999
115;George;Zuniga;Margaret Dennis;nwoods@hotmail.com;001-395-868-4592x4919
116;Brooke;Moore;Michele Ryan;katherine67@yahoo.com;001-608-535-0491
117;Rebecca;Hale;Anita Miller;smithandrew@gmail.com;(734)462-8817x761
118;Mitchell;Byrd;David Padilla;griffincrystal@hotmail.com;+1-384-834-5185x77511
119;Donald;Cantrell;Alex Hall;blevinselijah@hotmail.com;(355)798-5191x849
120;Steven;Reynolds;Erik Gonzales;yblackburn@gmail.com;633-469-3905x11168
121;Anthony;Lindsey;John Johnson;perrymartinez@hotmail.com;001-201-957-5457
122;Steven;Miller;Eric Hogan;daltoncruz@gmail.com;(462)206-7006x68267
123;Christine;Hester;Regina Thomas;meyerskristin@yahoo.com;745.750.6357x760
124;Peggy;Payne;Christopher Martinez;kramermaurice@hotmail.com;332.751.8269
125;Caitlin;Fisher;Patricia Howard;john01@gmail.com;+1-693-249-9313x97076
126;Jennifer;Lewis;Michael Frey;catherinemurphy@gmail.com;+1-936-875-6767x70603
127;Molly;Harris;Jessica Roberts;steinmegan@yahoo.com;(254)656-5790
128;Kirk;Dominguez;David Gonzalez;leonardregina@hotmail.com;398.995.1156x5979
129;Donna;Alexander;Jasmine Morris;gbrown@hotmail.com;993-788-7553x44181
130;Heidi;Williams;Megan Harris;sethholt@yahoo.com;948-634-7864
131;Jillian;Johnson;Sara Gallagher;christina42@yahoo.com;+1-704-867-9008
132;Cindy;Chen;Alexis Watts;josephcollier@yahoo.com;(558)992-5267x374
133;John;White;Jessica Smith;bstephens@gmail.com;(611)732-6857
134;Deanna;Shelton;Sandra Armstrong;scott27@gmail.com;001-212-845-5750x24769
135;Kelly;Turner;Laura Gonzalez;millerariel@hotmail.com;(735)571-9364x314
136;Alexis;Acosta;Olivia Davidson;sbriggs@gmail.com;(357)388-9064x8201
137;Christine;Key;Tyler Martin;joshua23@hotmail.com;001-775-257-1397x09077
138;Suzanne;Curtis;Carl Jenkins;bbarber@hotmail.com;894-478-9031x52232
139;Stephanie;Juarez;Brianna Hayes;reedbrian@yahoo.com;737-265-4263
140;Jennifer;Lee;Jordan Hunter;sandra23@gmail.com;+1-428-962-6301x64071
141;Tiffany;May;Deborah Morris;jenniferhayes@gmail.com;001-598-445-1882x0494
142;Martha;Walker;Patrick Cuevas;stevenevans@hotmail.com;772-685-8994x35823
143;Jessica;Castro;Sean Murphy;yoneill@gmail.com;607-919-0288x269
144;Tonya;Paul;James Porter;anthony62@hotmail.com;001-630-681-9811
145;Elizabeth;Guerrero;Chelsea Payne;ycox@yahoo.com;389-326-1702x941
146;Michael;Jones;Jennifer Krueger;markmoody@hotmail.com;841.988.7460x49136
147;Richard;Henson;Kristin Dunn;hunterbryan@hotmail.com;+1-277-942-1883x65191
148;Jason;Nichols;Raymond Simmons;amygarcia@yahoo.com;341-741-4808
149;Brittany;Garcia;Miranda Knight;bishopjanice@yahoo.com;+1-719-908-5217
150;Lisa;Collins;James Jones;emonroe@gmail.com;+1-752-877-9456x805
151;Sherry;Odom;Bryan Jordan;stevenjohnson@yahoo.com;5573147937
152;Jennifer;Roth;Joel Medina;josephcisneros@yahoo.com;(864)396-1594x242
153;Bradley;Garcia;Amanda Hill;jonathanrivera@yahoo.com;481-869-1889x824
154;Diana;Padilla;Kevin Smith MD;greengene@yahoo.com;+1-881-801-5345
155;Tammy;Bradley;Kellie Klein;villanuevasharon@gmail.com;(787)493-1677x17100
156;Jeffrey;Nash;Lisa Gallagher;fpowell@yahoo.com;615-421-2958x717
157;Anthony;Flores;Lisa Ross;lorraine39@hotmail.com;4595044837
158;Eric;Solomon;Cathy Woodard;erinross@gmail.com;678-639-1761
159;Sarah;Lopez;Alexandra Robinson;rachel11@yahoo.com;349.673.5908x517
160;Antonio;Sharp;Katelyn Davis;kelly76@hotmail.com;001-411-323-4390
161;Sarah;Grant;William Patterson;leslienelson@gmail.com;001-771-258-7342x5961
162;George;Gibson;Stephen Wilson;jacksonjames@yahoo.com;728-332-8874x5278
163;Katherine;Carpenter;Emily Simmons;sherrilee@hotmail.com;(523)698-8990x8980
164;Jared;Hughes;Kevin Gutierrez;bethdeleon@gmail.com;988-926-0676x2701
165;Lori;Lam;Joseph Park;walkerthomas@yahoo.com;+1-614-506-9514x6856
166;Christopher;Sanford;Lisa Silva;sarahsantos@gmail.com;350-234-0377
167;Sean;Marquez;Sara Torres;greenandrew@gmail.com;838-244-5756x32345
168;William;Shelton;Mark Griffin;sandraandrews@yahoo.com;912-724-3761x805
169;Amy;Cruz;Craig Guerrero;jrodgers@gmail.com;(710)820-2998
170;Fred;Smith;Lauren Kelly;judithbridges@yahoo.com;(914)995-7216
171;Tyler;Page;Henry Pratt;fclark@yahoo.com;001-864-496-8298x43634
172;Christina;Dominguez;Derrick Tran;kaitlynwebster@gmail.com;358.560.6825
173;Chase;Wood;Laura Reed;manuel39@hotmail.com;+1-673-248-4112x539
174;Amanda;Ford;Donald Gonzalez;sarataylor@yahoo.com;474.793.8128x027
175;Melissa;Smith;Troy Guzman;kbright@gmail.com;560.558.9621
176;Robert;Chambers;Roger Dixon;daniellebarr@gmail.com;001-433-693-7227x44307
177;Raymond;Meyer;Stephanie Williamson;david45@gmail.com;001-533-821-3165x2245
178;Bobby;Parks;Benjamin Shepherd;briannawest@gmail.com;(964)540-8485
179;David;Washington;Benjamin Anderson;xfox@yahoo.com;+1-424-624-2643x160
180;Jeffery;Savage;Timothy Young;droberts@hotmail.com;001-213-590-7649x07565
181;Michael;Mccall;Jordan Barr;derrick60@hotmail.com;367.272.5733
182;Michael;Vazquez;Cynthia Smith;jamescurtis@hotmail.com;388.747.4991x007
183;Sandy;Clark;Laurie Pearson;angelamunoz@yahoo.com;500-254-2375x31634
184;Mike;White;Patricia Price;melanie66@gmail.com;001-530-940-3418x633
185;Larry;Tran;Christopher Cooper;smithsteven@gmail.com;9162991280
186;Edward;Baker;Valerie Osborne;rhondasmith@gmail.com;(971)970-4841
187;Jorge;Robinson;Marc Jones;fwilliams@hotmail.com;794.641.2111
188;Travis;Harris;James Benjamin;george71@gmail.com;+1-417-429-3047
189;Jesse;Stone;Darrell Wilson;williammoss@hotmail.com;001-684-359-2741x7515
190;Heather;Phillips;Danielle Williams;jerry45@hotmail.com;001-921-864-0101x268
191;Robert;Casey;Henry Chavez;charlesgates@hotmail.com;001-635-574-2122x607
192;Thomas;Jackson;Danielle Harris DVM;jerry83@gmail.com;294.415.8137x2912
193;Danielle;Bryant;Jerry Robinson;jenningssteven@hotmail.com;746.780.6354
194;Sean;Porter;Joshua Howell;johnsonjoseph@hotmail.com;001-493-212-5375x90171
195;Charles;Robinson;Stephen Shepherd;reyesedward@hotmail.com;001-812-518-8559x8189
196;Nicole;Ryan;Lisa Vargas;jeremy20@yahoo.com;001-504-432-5304x70509
197;Roger;Gilmore;Edward Rollins;pbailey@gmail.com;827-766-5353
198;Tracy;Hurst;Christina Cooper;sarahstafford@yahoo.com;679-306-6035
199;Tracy;Jackson;Ebony Griffith;tashawilson@hotmail.com;308-888-8695x411
200;Anna;Knight;Victoria Bright;peterortega@yahoo.com;001-305-657-2446
201;Jimmy;Bradley;Shane Andrews DVM;daniel29@hotmail.com;997.560.2380
202;Erik;Cooper;Amy Wilson;igreen@hotmail.com;655-353-7075x1452
203;Thomas;Best;Tracy Sullivan;wmichael@gmail.com;411.687.4959
204;Elizabeth;Zavala;Angel Lawrence;hoffmananna@hotmail.com;001-207-574-6775x220
205;Erik;Humphrey;Amanda Potts;zstanley@yahoo.com;452.943.7915
206;Michael;Mckinney;Lawrence Garcia;deleoncassandra@yahoo.com;507.724.8968x13808
207;Gabriela;Marsh;Ashley Johnson;sanderspatrick@gmail.com;001-937-200-8804x6277
208;April;Butler;Lindsey Kaufman;mercadodaniel@yahoo.com;(855)393-4885x1590
209;Laura;Nguyen;Erica Lewis;comptonelizabeth@yahoo.com;474-577-2701x580
210;Barbara;Kirk;Jesse Vang;uturner@gmail.com;580.877.2274x46568
211;Marisa;Morse;Jerome Cooper;melissamorales@yahoo.com;248.763.9562x1006
212;Janice;King;Jason Rogers;meltonrebecca@gmail.com;(202)330-7740x94523
213;Sandra;Wallace;Rachel Hernandez;tiffanyrichmond@hotmail.com;360-471-2549x83556
214;Juan;Stephens;Frank Perry;alvinmcdonald@yahoo.com;(483)700-9177x8419
215;Danielle;Smith;Lauren Bradshaw;carpenterjeffrey@hotmail.com;386.762.9156x530
216;Anthony;Stevens;Benjamin Newton;norrismonica@yahoo.com;479-592-4711x198
217;Kyle;Johnson;Heather Gregory;barbara50@hotmail.com;(687)901-6665x2125
218;Lori;Ellis;Shannon Le;luisbennett@hotmail.com;(986)707-2807
219;David;Sullivan;Alan Stevens;xbecker@yahoo.com;5873960290
220;Jeanne;Norris;Diana Harris;danielsclaudia@hotmail.com;001-346-514-7581x31596
221;Heather;Stewart;James Stevens;barberkimberly@hotmail.com;227.697.3626x475
222;Amy;Hall;Alexis Baker;matthew53@gmail.com;(871)396-2517x3038
223;Lauren;Jackson;Steve Woodward;michaelbond@yahoo.com;697-799-6617
224;Shelley;Gates;Michael Moody;gmckenzie@gmail.com;381.582.5101
225;Brian;Garcia;Jennifer Mccormick;mayerjessica@yahoo.com;847-431-2923x88327
226;Tiffany;Shields;Kevin Miller;anthonykelley@hotmail.com;(967)681-4078
227;Calvin;Carpenter;Cathy Kemp;teresa77@hotmail.com;(734)768-1579x1361
228;Brenda;Riddle;Thomas Moore;ijordan@hotmail.com;(566)684-4072x438
229;Catherine;Mendez;Stephanie White;vglenn@yahoo.com;001-346-400-7179x484
230;Ernest;Gonzalez;Michael Ross;donna99@hotmail.com;+1-208-986-2897x7890
231;Xavier;Boyd;Michael Hoffman;thomasrodriguez@hotmail.com;(294)896-3068x53752
232;Vanessa;Short;William Jones;amyanderson@yahoo.com;755.308.0008
233;Michael;Farmer;Jay Thomas;nguyenroberto@hotmail.com;8543902660
234;Randy;Smith;Kevin Hardin;sruiz@gmail.com;+1-441-674-5971x985
235;Scott;Barrett;William Cox;aweiss@gmail.com;530.832.5176
236;Michael;Elliott;Alisha Miles;ehernandez@hotmail.com;(312)850-9962x159
237;Amanda;Solis;Nancy Franklin;ryan83@yahoo.com;766.468.6741
238;Robert;Parsons;Jeffrey Miles;grimesmichael@yahoo.com;492-496-2923x13761
239;Megan;Brock;Michael Greer;cmack@yahoo.com;3914473575
240;Tamara;Lopez;Nancy Cruz;kevingarcia@yahoo.com;+1-446-775-6297x4405
241;Louis;Boyd;Angela Robinson;hendersonmichael@gmail.com;556-604-1196
242;Sally;Gomez;Lonnie Underwood;smithrachel@gmail.com;281-894-9679
243;Heather;Harris;Steven Foster;preyes@gmail.com;(708)954-1489
244;Robert;Barnes;Stephanie Smith;joneswilliam@gmail.com;(911)854-1328
245;Andre;Wilson;Robert Carr;yhorn@gmail.com;3907638137
246;Thomas;Reynolds;Sabrina Carey;jamesolson@yahoo.com;(569)507-7878
247;Debra;Brooks;Cassandra Sanchez;kristinabrown@hotmail.com;871.323.7599x09860
248;Jennifer;Williams;Stephanie Holden;imcdonald@yahoo.com;806-330-4818x7731
249;Leslie;Burton;Timothy Evans;deanmichelle@yahoo.com;7809434378
250;Robert;Moody;David Whitaker;jermaineflynn@hotmail.com;988.540.8580
251;Justin;Gutierrez;John Wilson;wholland@hotmail.com;+1-961-269-4411x36015
252;Jeffrey;Farley;Dustin Howard;dennisatkins@yahoo.com;+1-690-617-8062x77738
253;Crystal;Taylor;Luke House;jamesbenson@yahoo.com;001-768-845-7153
254;Kendra;Leblanc;Diana Peterson;schmidtmelissa@gmail.com;+1-950-395-0586x4688
255;Sara;Howell;Dustin Perez;valerieyork@yahoo.com;555.426.1954
256;Sherri;Williams;Stacey Richardson;moralesbrandi@yahoo.com;(495)463-1821x123
257;Frank;Velez;James Wright;williamscarla@hotmail.com;+1-345-381-1350x075
258;Maria;Ward;Richard Chambers;thompsonscott@gmail.com;+1-355-672-7450x948
259;Chris;Martin;Dustin Beltran;mjones@hotmail.com;+1-521-489-5671x18349
260;Janet;Maldonado;Tara Hernandez;mossmegan@gmail.com;478.519.3678
261;Arthur;Rogers;Adam Jordan;kellyisaac@yahoo.com;394.337.1368x7141
262;Alexandra;Davila;Kaitlyn Ford;jamescraig@yahoo.com;943-480-4647x589
263;Richard;Moore;Nicole Hunter;mathewchandler@hotmail.com;799.316.0367x27453
264;Bradley;Morales;April Joseph;hodgestracey@yahoo.com;3668482414
265;Joseph;Miles;Todd Ross;diazjulie@gmail.com;+1-395-394-8926x303
266;Jeff;Perry;Connie Harrington;rferguson@yahoo.com;(366)996-3437x63079
267;Tyler;Hamilton;Matthew Carpenter;millertracy@hotmail.com;(356)590-1670x0766
268;Ashley;Cruz;Christian Clark;mlane@gmail.com;6044365338
269;Trevor;Reynolds;Jennifer Adkins;amanda34@gmail.com;+1-684-974-0352
270;Alicia;Castillo;Mr. Edward Malone;brett76@gmail.com;876.413.7165x193
271;Michele;Strickland;Mackenzie Swanson;andersenanthony@yahoo.com;001-933-503-3888
272;James;Garcia;Deanna Harrington;vlee@gmail.com;999.285.8215
273;James;Washington;Lee Lee;erinharris@yahoo.com;+1-699-600-4686
274;Heather;Douglas;Melissa Knight;gomezlevi@yahoo.com;001-562-569-2258x44683
275;Hunter;Krueger;Jessica Sharp;rthompson@yahoo.com;(703)675-7828
276;Jeremy;Alvarado;Misty Doyle;tracy58@hotmail.com;786.412.2222x3678
277;Jermaine;Thornton;Donald Wells;alyssa10@yahoo.com;546.559.6659x4767
278;Charles;Harding;Patty Mitchell;ztaylor@yahoo.com;+1-302-536-1636x84890
279;Jenna;Ross;Johnny Rose;michaellewis@gmail.com;5148825805
280;Crystal;Hernandez;Kyle Wilson;sandra97@yahoo.com;758.947.1268x474
281;Denise;Bruce;William Hoover;trobertson@hotmail.com;471.910.3432x6610
282;Paul;Martin;Laura Patel;davidrodriguez@gmail.com;001-695-831-1357
283;Jason;Adkins;Colleen Dickerson;russell93@hotmail.com;001-606-387-8078x7486
284;Jennifer;Smith;Melinda Davis;andre46@yahoo.com;+1-642-255-9711x7752
285;Gary;Robinson;Jacqueline Green;bryanrobert@hotmail.com;001-426-685-9240
286;Karina;Le;Brandy Branch;cookleslie@gmail.com;+1-564-212-6025
287;Susan;Ford;Brooke Phillips;llopez@hotmail.com;349-861-1694
288;Matthew;Heath;Robert Rodriguez;bakerkevin@hotmail.com;001-736-460-6521x12517
289;Tammy;Woodard;Dr. Elizabeth Stanley;sandra79@yahoo.com;001-496-254-1717x2982
290;Wayne;Knight;Susan Morgan;derek90@hotmail.com;(726)508-9238x83889
291;David;Wells;Jodi Sanders;ayalakurt@gmail.com;(818)894-6089
292;Jacob;Weaver;Luke Pena;lgonzalez@yahoo.com;(836)811-6270x3454
293;Jessica;Gonzales;Darryl Johnson;eward@gmail.com;+1-876-262-8657x5008
294;Taylor;Harrison;Richard Thompson;lunakevin@gmail.com;+1-480-947-4364x3725
295;Brittney;Brown;Nathaniel Russo;elizabeth48@gmail.com;+1-618-809-9376
296;Jennifer;Crawford;Ryan Oconnor;patrickhernandez@hotmail.com;(769)917-0032
297;Terri;Mcknight;Charles Moore;maria40@yahoo.com;314-641-2824
298;Erica;Hammond;Susan Mcgrath;david01@hotmail.com;216.822.6783x010
299;Autumn;Nash;Luis Bean;geraldpatrick@yahoo.com;001-482-668-4883x52155
300;Brittany;Dickson;Lauren Ramirez;madison45@gmail.com;+1-659-468-1772x9062
301;Pamela;Stark;Todd Porter;wbarrera@gmail.com;400.465.5907
302;Jason;Martin;Stephanie Martin;lawrencedonna@gmail.com;(611)906-2761x4727
303;Adam;Dunn;David Dickerson;cadkins@gmail.com;001-264-290-5548x06100
304;Alfred;Diaz;Olivia Gibbs;millerlisa@yahoo.com;726.643.6843
305;Jackie;Hubbard;Justin Sexton;wcharles@hotmail.com;507.747.0512
306;Michelle;Mcpherson;Fred Owens;ylutz@gmail.com;001-621-782-6674
307;Eileen;Glenn;Robin Cruz;paul14@hotmail.com;668.484.7669
308;Morgan;Kennedy;Andrea Chen;moorestacey@yahoo.com;001-579-659-4065x92827
309;Brianna;Wallace;Howard Brown;calderonmelinda@yahoo.com;480-612-1049
310;Paul;Ramirez;Richard Watts;crystalwilson@hotmail.com;546-489-2898x72923
311;Kristen;Shea;Justin Romero;wcordova@hotmail.com;+1-450-764-3380x223
312;Laura;Burke;Tyler Smith;jerrybrock@yahoo.com;410.726.3171x4946
313;Cynthia;Chan;Angela Stein;briannawerner@gmail.com;996-852-8624
314;Laura;Howard;Jasmine Clark;krodriguez@yahoo.com;+1-893-869-9870x2100
315;Charles;Mccoy;Frederick Burns;berrybarbara@gmail.com;784.927.3804
316;Brittney;Castillo;Brittany Wilcox;zhunt@hotmail.com;8786094235
317;Anne;Nichols;Courtney White;smithstephanie@hotmail.com;001-383-371-2943
318;Cindy;Nichols;James Riley;laurenpena@hotmail.com;646.270.1698
319;Chase;Hernandez;Anthony Sanchez;reyesanna@yahoo.com;461.930.7791
320;Anna;Charles;Ricardo Henderson;seth66@hotmail.com;(689)831-5174
321;Kimberly;Acosta;Tonya Villanueva;kaneshannon@yahoo.com;(945)950-5623
322;Cynthia;Garza;Donna Moore;robertapatrick@yahoo.com;243-291-4399
323;Angela;Thomas;Lynn Dyer;williamcarpenter@gmail.com;(347)349-2748
324;Hailey;Johnson;Christina Williams;michelegarza@hotmail.com;001-807-733-3677
325;Bobby;Meyer;Zachary Frye;honeal@yahoo.com;483.760.2587
326;Dennis;Baker;Ashlee Horton;hopkinscarrie@hotmail.com;+1-374-533-8025x7606
327;Brandi;Bell;Ashley Griffin;pbennett@yahoo.com;001-606-316-0643
328;David;Cross;Joshua Bryant;megan09@hotmail.com;592-597-3129x822
329;Steve;Hartman;Cindy Robinson;qrogers@yahoo.com;(274)873-6166x73964
330;Christina;Ruiz;Shannon Huang;mbowman@yahoo.com;+1-989-751-0062x908
331;Sherry;Bryant;Dale Green;moorejennifer@gmail.com;280.397.8363
332;Andres;Ford;Molly Flores;riverajacob@gmail.com;001-372-573-4538x977
333;Ralph;Martin;Kimberly Stein;danielle65@hotmail.com;861.302.2142
334;Tracey;Wells;Roy Tran;solson@hotmail.com;(344)939-5801
335;Jenna;Barrera;Tiffany Green;andersonsean@hotmail.com;2022851054
336;Susan;Duncan;Bradley Patton;dshea@gmail.com;608.659.2090
337;Jane;Jones;Deanna Shepherd;vhernandez@yahoo.com;517.241.9060
338;Crystal;Lee;Linda Martin;suarezmichael@yahoo.com;(511)552-4992x73564
339;Samantha;Perez;Casey Mcknight;huffjulie@yahoo.com;(749)453-1479
340;James;Jones;Brian Patrick;matthewsangela@yahoo.com;266-451-2551
341;Kathryn;Hill;Scott Neal;colemanrandall@hotmail.com;292.786.5548x841
342;Tracey;Whitney;Jeanette Rice;kathleen69@yahoo.com;001-693-585-3008
343;Brittany;Andrews;Elizabeth Gonzalez;brownsarah@gmail.com;625.298.1861
344;Tracy;Clements;Amanda Stevenson;petertran@gmail.com;+1-584-838-1029x098
345;Jeffery;Estes;Stacey Flores;jon04@gmail.com;349.547.2104
346;Bonnie;Hernandez;Randy Green;geraldthompson@gmail.com;4537370769
347;Gregory;Gibson;Dennis Whitaker;mward@gmail.com;001-263-279-3007x88134
348;Christopher;Kennedy;Paula Burke;amanda50@yahoo.com;847-673-7744
349;Nicole;Hill;Jessica Bates;heather34@yahoo.com;344.477.9521x3458
350;Cindy;Hodges;Shannon Morales;gfoster@hotmail.com;972-325-4743x21959
351;Summer;Mayo;Tracy Andrews;kyle06@yahoo.com;(241)214-4650
352;Kimberly;Morgan;David Benson;zmitchell@gmail.com;(871)706-7388x8362
353;Matthew;Lozano;Paula Sawyer;joseph44@yahoo.com;+1-710-497-3134x0345
354;Levi;Bell;Dawn Velez;nandersen@yahoo.com;461.737.7942
355;Suzanne;Wilson;Mary Allen;jenniferboyd@gmail.com;946-774-2712
356;Susan;Vaughn;Travis Bass;margaretramos@gmail.com;(449)883-3377x8503
357;Robin;Stone;Jason Smith;everetttamara@gmail.com;001-903-861-0601x245
358;Derek;Perez;Danielle Robinson;glewis@hotmail.com;001-748-838-0134x6655
359;Katherine;Henderson;Stacey Griffin;patriciagarcia@yahoo.com;+1-764-594-1615x747
360;Janice;Yoder;Jacob Stephens;nroman@gmail.com;621.736.5208
361;Jerome;Whitehead;Marcus Williams;deanna20@hotmail.com;966.382.9227
362;Nicole;Norris;Jacob Kidd;dwilson@gmail.com;+1-901-357-1504x6487
363;David;Hammond;Angela Mckinney;teresa86@hotmail.com;949-823-6526x72631
364;Michelle;Smith;Kimberly Powell;monicamorton@gmail.com;+1-368-856-1495
365;Danielle;Williams;Rebecca Rodriguez;kirkjohnson@yahoo.com;262-462-2166x84823
366;Brian;Miller;Shari Meyers;moorelarry@yahoo.com;878-384-6025x6029
367;Michael;Smith;Christopher Cline;malonecameron@gmail.com;+1-688-521-1959x82955
368;Christopher;Pena;Jeff Murillo;xchambers@hotmail.com;268-692-3691x5607
369;Emily;Blair;Jessica Torres;davidfuller@gmail.com;(756)886-1629
370;Douglas;Anderson;Mr. Edwin Dunn MD;ureynolds@hotmail.com;5209906981
371;Diana;Stein;Brian Ross;freemandale@yahoo.com;(288)758-5271
372;Victor;Taylor;Robin Mclean;olsonamanda@gmail.com;892-577-2179x927
373;Madison;Hernandez;Robert Williams;madams@hotmail.com;604.806.0484
374;Julie;Campos;Gina Arnold;millervictoria@yahoo.com;421.504.1671x0528
375;Christopher;Wells;Miss Kristina Evans;dennismccormick@gmail.com;(983)917-6760x819
376;Michael;Jackson;Nicole Nguyen;john77@hotmail.com;564-365-6014
377;Michael;Smith;Jason Davis;deanthomas@yahoo.com;710-573-5680x70736
378;Amber;Esparza;Brett Wilkins;ivan01@gmail.com;200.382.2933
379;Ruth;Brown;Steven Alexander;thomasmark@gmail.com;5625494226
380;Nicholas;Yates;Jason Martinez;davidflores@hotmail.com;(974)574-4981
381;Stephanie;Rodriguez;Tiffany Jones;philiphebert@gmail.com;001-595-485-9887x2693
382;Amanda;Berg;Justin Morton;georgemiller@gmail.com;001-413-874-4602
383;Jamie;Hernandez;Patricia James;donnabaker@gmail.com;907-626-1987
384;Karen;Quinn;Elizabeth Young;michael51@hotmail.com;640-569-1671x66974
385;Alejandro;Crane;Sean Crawford;sandraperry@yahoo.com;001-926-462-9317
386;Patricia;Johnson;Nathan Sweeney;michaelchambers@yahoo.com;430.868.7427x7751
387;Christine;Williams;Thomas Clarke;matthewramirez@gmail.com;260.849.4244x04471
388;Jennifer;Mayo;Rebecca Hays;carla92@hotmail.com;330.320.7089
389;Tommy;Koch;Jason Anderson;myersdanielle@hotmail.com;835.822.5913x83142
390;Jennifer;Cummings;Holly Vincent;austinnelson@hotmail.com;(919)858-7138x367
391;Jonathan;Cannon;William Brown;kelleyjohn@hotmail.com;+1-779-485-6128x5999
392;Virginia;Gonzales;Erica Jacobs;kevin66@gmail.com;+1-254-240-1781
393;Kristina;Rodriguez;Barry Juarez;michaelgarcia@gmail.com;623-461-8289x647
394;Donald;Jordan;Molly Shelton;sbarry@yahoo.com;+1-683-745-4228x8663
395;Lisa;Wells;Chelsea Hunter;thompsonbrandi@gmail.com;001-901-947-2762x262
396;Rachel;Cox;Kristen Martinez;caitlynsandoval@gmail.com;001-394-624-0520x298
397;Brandon;Coleman;Anna Mckenzie;armstrongstephen@gmail.com;001-428-720-0226x0300
398;Nathan;Garner;Lisa Spencer;austinmeghan@gmail.com;676-464-0466
399;Amy;Coleman;Victoria Carson;susan41@hotmail.com;(433)514-5384x4356
400;Lindsey;Jacobson;Gerald Kemp;brandonsanders@hotmail.com;632.293.8931
401;Jaclyn;Cox;John Williams;ycox@yahoo.com;9374632040
402;Jason;Wells;Christopher Walker;paul01@hotmail.com;784.845.2795x441
403;Charlene;Wilson;Jason Hunter;jonathan45@gmail.com;(233)294-9010
404;Tammy;Woodard;Denise Johnson;pwalker@yahoo.com;408-615-8303x2529
405;Meghan;Fuentes;Robin Wood;brandy37@yahoo.com;9479773896
406;Amber;Johnson;Shannon Nelson;melissaroth@yahoo.com;(849)466-6419x3253
407;Thomas;Simmons;Zachary Schmidt;mary16@yahoo.com;313-984-9682x523
408;Timothy;Hall;Katherine Morris;gpeck@gmail.com;422.966.5136x9060
409;Jason;Montgomery;Tammy Young;markbooker@yahoo.com;795-634-4719
410;Samuel;Rocha;Christopher Adams;tnielsen@gmail.com;+1-307-675-5109x1593
411;Karen;Johnson;Jesse Gaines;qjimenez@hotmail.com;432.586.4869
412;Christopher;Serrano;Matthew Lee;jonesmelissa@gmail.com;+1-635-772-6249
413;Brian;Wade;Raymond Watts;cooktoni@hotmail.com;214.546.1300x692
414;Matthew;Sharp;Erica Taylor;donald05@yahoo.com;+1-922-491-8854x28718
415;Gabriella;Mendez;William Sanders;jasmine43@yahoo.com;+1-864-224-6878x62258
416;Patrick;Combs;Jonathan Morris;matthew97@hotmail.com;001-693-437-2899
417;Ronald;Alvarado;Anthony Ramirez;michaelglenn@hotmail.com;+1-718-645-1960x71244
418;Christopher;Watson;Thomas Tran;teresabrown@hotmail.com;484-909-1099x0891
419;Kenneth;Cook;Jennifer Williams;tannerallen@gmail.com;885-294-5805x0028
420;Trevor;Conrad;Mark Castillo;istanley@yahoo.com;001-912-537-6102x646
421;William;Adams;William Robinson;danieljones@hotmail.com;(505)321-4750x3359
422;Brenda;Butler;Thomas Shaw;benjaminjohnson@yahoo.com;+1-264-328-8347
423;Jack;Carr;Christopher Anderson;ygray@yahoo.com;(538)496-0301x34729
424;Shannon;Nelson;Tina Ramos;mendezroberta@gmail.com;(721)263-8283x0047
425;Caitlin;Steele;Michael Cox;ifernandez@gmail.com;+1-559-821-9514x8395
426;Chris;Snyder;Brendan Leonard;gwendolynmatthews@gmail.com;506.823.6403x203
427;Angela;Anderson;Michelle Norman;hawkinstiffany@hotmail.com;276-269-9635x095
428;Megan;Lambert;Kimberly Hudson;mcdanielhaley@hotmail.com;796-269-0497x7595
429;Stephanie;Flores;Debbie Howell;peter11@hotmail.com;001-452-323-9725x19641
430;Victoria;Brooks;Amanda Wong;schroederrobert@yahoo.com;001-688-473-7440x58672
431;Daniel;Orr;Justin Palmer;fieldsmelissa@yahoo.com;+1-523-697-8417x689
432;Anita;Mclaughlin;Michelle Chandler;brett78@yahoo.com;+1-234-894-6501x8459
433;Steven;Walters;Gina Lopez;megan51@yahoo.com;(208)250-5574x7737
434;Angela;Reilly;Emily Stewart;agreen@yahoo.com;6086260345
435;Steven;Miranda;Dawn Crawford;uwalker@yahoo.com;5265426411
436;Ashley;Martin;Evelyn Sharp;jessica64@yahoo.com;001-471-949-7107
437;Jason;Ortega;Kathryn Haas;angela84@yahoo.com;761.975.8719x97592
438;Justin;Hayes;Ryan Davis;pamela59@yahoo.com;893-804-6895x2227
439;Phillip;Cantu;Nicole Kane;steven36@yahoo.com;(950)210-2582x21378
440;Alexandra;Doyle;Pamela Davila DDS;kelly32@gmail.com;(974)536-5726x69641
441;Mark;Thornton;Cheryl Woods;murphymichael@gmail.com;480.926.3225
442;Jeffrey;Hoover;Rachel Blake;lrobertson@hotmail.com;(220)592-0353x906
443;Matthew;Mejia;Mary Jacobs;catherinecontreras@gmail.com;3246654400
444;Ryan;Caldwell;Samuel Jones;leslieromero@yahoo.com;234.722.9079
445;John;Salinas;Connie Jensen;fnorman@hotmail.com;(233)806-9272x21294
446;Michael;Lopez;Laura Mccormick;saunderschristopher@gmail.com;894-725-3297x497
447;Lindsey;Dixon;Malik Duarte;hodgemanuel@yahoo.com;267-454-2673x9532
448;Joseph;Jones;David Sanchez;katherinelopez@yahoo.com;+1-712-733-8400x4220
449;Samantha;Wiley;Brian Knight;stewartgregory@yahoo.com;(744)969-7325
450;James;Morales;Edwin Shaw;kristin30@yahoo.com;266-388-1619x51701
451;David;Bauer;Walter Watkins;brent42@gmail.com;001-560-860-5612x39027
452;Thomas;Brown;Bonnie Wu;thomas73@hotmail.com;758.536.5523x750
453;Michael;Ramirez;Kimberly Cruz;kristinsmith@yahoo.com;685.533.2236x577
454;William;Wood;James Barnett;pwilliamson@gmail.com;525.850.8276x211
455;Sierra;Taylor;Kaitlyn Saunders;amanda42@yahoo.com;+1-628-411-2738x5661
456;Tara;Pineda;Ian Smith;curtis56@yahoo.com;+1-532-416-6412x1393
457;Jacob;Watson;Nicolas Dodson;carpenterkyle@yahoo.com;781-312-7705x8606
458;Sarah;Obrien;Dustin Smith;lisa12@gmail.com;319-491-8252x0653
459;Dylan;Paul;Daniel Perry;stevengalloway@yahoo.com;9098655820
460;Ariel;Miller;Julie Golden;smithmichael@gmail.com;392-657-2268x63694
461;Rachel;Curtis;Joe Davis;jonathanperez@gmail.com;5474250899
462;Amber;Crawford;Gregory Curtis;denisemckee@gmail.com;878.433.2238x008
463;Barry;Reed;Angela Ali;jacksoncynthia@hotmail.com;+1-321-213-4596
464;Cheryl;Watkins;Lisa Gates;alisonsmith@hotmail.com;+1-375-436-7995x755
465;Rebecca;Deleon;William Newton;gary82@gmail.com;+1-720-336-4804
466;Darryl;Daniels;Katherine Rodriguez;joshua47@gmail.com;218.888.2594x58901
467;Mary;Khan;Samuel Sanchez;barbara09@yahoo.com;851.713.2111x303
468;Dana;Blake;Jennifer Stewart;katrina21@yahoo.com;342.582.1841x996
469;Kristin;Yu;Julie Steele;johnberry@gmail.com;387-919-9310
470;Angel;Christensen;Casey Bean;smoss@yahoo.com;+1-661-791-5963x132
471;Monique;Johnson;Kelsey King;qbradley@yahoo.com;+1-895-848-9018x519
472;Elizabeth;Diaz;Brandon Thompson;qrosales@hotmail.com;922-308-9073
473;Jose;White;Anthony Crane;bradley83@hotmail.com;+1-255-866-7804
474;Michael;Fernandez;Michael Marshall;scott53@yahoo.com;618.759.4051x0502
475;Jerry;Mason;Dorothy Mccarty;goodmanrobert@hotmail.com;907-631-5335x12559
476;Kelsey;Walker;Benjamin Turner;sarah61@yahoo.com;928.451.3725x05752
477;Carolyn;Brewer;Jose Yates Jr.;angelicajackson@yahoo.com;440-731-8862
478;Cory;French;Heather Taylor;bryanfoster@hotmail.com;322.503.3186x3692
479;Jeffrey;Smith;Aaron Boyd;hammondbriana@hotmail.com;(229)649-4799x5534
480;Megan;Reed;Shannon Whitaker;avilatiffany@gmail.com;946.879.2617x9116
481;Tim;Harmon;Samuel Gonzalez;stephanie75@hotmail.com;6203334044
482;Brandon;Todd;Sara Lam;evansjasmine@hotmail.com;001-541-670-1234x48792
483;Michael;Munoz;Tina Carrillo;brianstewart@yahoo.com;(223)627-2700
484;Sally;Henry;Tara Yates;fmonroe@gmail.com;864-321-8305
485;James;Jones;Julie Espinoza;gwilliams@hotmail.com;(795)969-5271
486;Jonathan;Barnett;Holly Brown;thomas07@yahoo.com;001-381-884-2055x1164
487;Laura;Moore;Jimmy Bailey;lisajohnson@yahoo.com;248.324.9126
488;Michael;Andrews;David Miller;hoganbrian@yahoo.com;+1-458-462-0779x7368
489;Amanda;Davis;Jessica Sanchez;tammytran@hotmail.com;+1-788-871-3328x5526
490;Elizabeth;Miller;Amy Sims;kmorgan@yahoo.com;307-495-6902x874
491;Patricia;Brown;Wanda Lynch;michael04@gmail.com;(757)377-0657x993
492;Brenda;Hardy;Clayton Hill;dphillips@yahoo.com;540-687-0174
493;Dale;Hernandez;Dr. Deborah Barber MD;anthony54@yahoo.com;001-383-731-9470
494;Crystal;Ramirez;Jane Bradford;robertstevens@gmail.com;9027002364
495;Kristin;Logan;Holly Blair;ychambers@yahoo.com;+1-649-857-4592x09138
496;Elizabeth;Medina;Robert Cox;smithmatthew@yahoo.com;(800)777-4800x381
497;Charles;Medina;Keith Harrington;mcbridealexander@gmail.com;001-395-327-3977x31338
498;Brian;Garrison;Michelle Christian;patrick40@yahoo.com;001-408-484-3343x53164
499;Mike;Snyder;Anthony Snow MD;daviselizabeth@yahoo.com;(596)727-4932x4469
500;Dennis;Lopez;Scott Durham;porteralexandra@yahoo.com;001-784-379-6604x98320
501;Wesley;Mendoza;Bryan Marquez;oliverchad@yahoo.com;(410)941-9689x874
502;Jessica;Lamb;Darlene Riddle;pattersonjohn@yahoo.com;001-890-899-4269
503;Holly;Wilson;Shannon Barr;aaron74@hotmail.com;444-415-9215x1711
504;John;Black;Matthew Odonnell;kelseymitchell@gmail.com;224.683.4837x2721
505;Kenneth;Snow;Alexis Hanson;steven00@hotmail.com;788.875.2160
506;Sarah;Davis;Dale Scott;christina12@yahoo.com;578-447-3807x1023
507;Carl;Hernandez;Theresa Baker;lauravega@hotmail.com;2063573393
508;Timothy;Adams;Mark Miles;kevans@hotmail.com;+1-801-297-9823x574
509;Brian;Foley;Julie Gonzalez;justin95@hotmail.com;9665735178
510;James;Cobb;Matthew Long;kristenward@yahoo.com;+1-780-559-9580
511;Alex;Taylor;James Jensen;michelle42@gmail.com;001-660-225-6550x0882
512;Cassandra;Franklin;Brittany Dorsey;atkinsonclaudia@gmail.com;830.615.3568
513;Kristin;Allen;Amber Hayden;wesleyjackson@gmail.com;296-498-3071
514;Amanda;Brown;Steven Harris;bhines@hotmail.com;378-644-3535
515;Samuel;Hughes;Danielle Roberts;kimkimberly@gmail.com;+1-950-565-8985x9662
516;Jeffrey;Green;Susan Robertson;jameshawkins@yahoo.com;296.627.4203x79670
517;Crystal;Glover;Taylor Edwards;leonardharrington@gmail.com;001-879-888-4201x1468
518;Donna;Hampton;Brandon Johnson;reginagarcia@yahoo.com;263.964.2598x1194
519;Blake;Jordan;Dillon Austin;watsontanya@yahoo.com;+1-829-330-3898
520;Jason;Alvarez;Willie Kim;jonathanbutler@yahoo.com;940-928-8649x40662
521;Valerie;Carey;Brianna Wilson MD;lawsonangela@gmail.com;766-754-0229x33453
522;Joseph;Lopez;Jennifer Perkins;waltonjames@yahoo.com;+1-686-329-2106x2313
523;William;Jenkins;James Hill;carlos67@gmail.com;001-543-786-7610x562
524;Kristina;Allen;Kevin Nelson;collin68@yahoo.com;532.412.0328x169
525;Stacy;Humphrey;Trevor Figueroa;jacksonaaron@hotmail.com;001-876-840-2183
526;Angela;Booker;Michael Johnson;jessica08@hotmail.com;305-516-0096
527;Diane;Fitzgerald;Amanda Newman MD;nhamilton@hotmail.com;814.820.5741
528;Joshua;Warren;Teresa Gill;amandaobrien@hotmail.com;386.362.7173
529;David;Bailey;Christopher Fitzpatrick;gwendolyn12@yahoo.com;309-805-5891x2514
530;Martha;Johnson;Brian Brown;oscar29@yahoo.com;(922)584-3037x242
531;Samuel;Brewer;Shane Allen;danielgarrison@hotmail.com;3252074878
532;Darin;Pugh;Jeffrey Delgado;unelson@gmail.com;001-842-859-7308x2345
533;Brian;Wright;Melanie Taylor;holly80@hotmail.com;(245)991-3346x9280
534;David;Sullivan;Raymond Henderson;aaronhamilton@yahoo.com;8386072932
535;Amanda;Jones;Michael Fleming;michele25@yahoo.com;(753)667-2378
536;Crystal;Solomon;Amanda Adams;harrislinda@gmail.com;7502138568
537;Rebecca;Bennett;Rebecca Graham;jennifermartin@gmail.com;722-941-6145
538;Tyler;Cox;Jamie Haas;clinton39@yahoo.com;665.876.7526
539;Randall;Carroll;Christina Fisher;owilliamson@yahoo.com;001-813-993-7890x60536
540;Stacy;Ellison;Tina Park;daleparker@hotmail.com;001-989-326-1512x93848
541;Rachel;Murphy;Mary Crawford;fvargas@hotmail.com;001-964-596-3984x83385
542;Charles;Smith;Gina Mclaughlin;john09@gmail.com;333-670-0445
543;Timothy;Kelly;Amanda Diaz;jonathan42@hotmail.com;657-697-6954
544;Derek;Reese;Douglas Rodriguez;castillojeffrey@gmail.com;(984)740-1943x8158
545;Kristin;Gonzalez;Melody Torres;matthew01@yahoo.com;001-370-532-9310x9721
546;Matthew;Simmons;Benjamin Franklin;james57@gmail.com;+1-365-909-1723x63090
547;Tracy;Williams;Robin Phillips;virginia78@gmail.com;+1-201-349-9561x9154
548;Jessica;Harris;Jeffery Campbell;cole41@gmail.com;7915078502
549;Michael;Yang;Amber Fuller;slopez@gmail.com;+1-668-424-3270x1777
550;Robert;Rogers;Donald Blevins;williamsmichelle@gmail.com;933.844.2755
551;Jessica;Peterson;Ralph Mitchell;davisgary@yahoo.com;492.925.9776
552;Katie;Wilson;Hannah Hernandez;michaelward@yahoo.com;001-673-594-4108x5466
553;Olivia;Tapia;Nicholas Smith;kristin17@yahoo.com;001-447-497-3416x1689
554;Marvin;Anderson;Sonya Whitaker;jenniferrivera@yahoo.com;+1-332-335-9874x10525
555;Timothy;Mcguire;Matthew Weiss;angela06@hotmail.com;785-712-2889
556;Charles;Heath;Megan Martinez;mark74@yahoo.com;931-958-2570
557;Cheyenne;Mitchell;Paul Walsh;linda06@yahoo.com;001-621-423-7098x772
558;Sandra;Lawrence;Alan Harris;dyoung@hotmail.com;321-463-6960
559;Kristen;Marshall;Thomas Kennedy;glennpineda@yahoo.com;001-566-617-0704
560;Kelly;Hale;Amber Colon;jchase@yahoo.com;(245)677-3282
561;Carl;Johnson;Jason Phillips;tylerlouis@yahoo.com;+1-797-722-2139x02213
562;John;Brennan;Todd Adams;debragordon@yahoo.com;505-734-6180x83509
563;Julie;Walker;Mr. Daniel Jones DVM;hallbrenda@hotmail.com;001-781-570-7678
564;Daniel;King;Larry Odonnell;dkelley@yahoo.com;564.565.8047
565;John;Kramer;Joshua Evans;ambersullivan@yahoo.com;852-224-1866x3754
566;Megan;Lopez;Jason Gallagher;vanessaflowers@yahoo.com;599-964-3121x9289
567;Michael;Anderson;Carmen Edwards;sgonzalez@gmail.com;378.256.5634
568;Kathryn;Delgado;Michael Wallace;rlee@yahoo.com;(551)601-3383x68796
569;Selena;Harrington;John Wright;lauren16@gmail.com;(962)742-4168
570;Jennifer;Coleman;Rebecca Rodgers;kevin52@yahoo.com;973-290-3327x4835
571;Kevin;Klein;Emily Cooper MD;kelly61@yahoo.com;5979898696
572;Kenneth;Chandler;Shannon Cannon;bfox@gmail.com;7384288054
573;Amanda;Hanson;Andrew Curry;ryan98@yahoo.com;206-764-2403x731
574;Kristi;Sanchez;Caleb Burns;kristinthompson@yahoo.com;730-238-6016
575;Richard;Wade;Nicholas Wilson;thomas73@gmail.com;(382)489-0727x0321
576;Andrea;Orozco;Shane Davis;timothybray@hotmail.com;(856)870-7306
577;Erica;Vasquez;Megan Flores;tanderson@gmail.com;(537)321-1454x167
578;Pedro;Clark;Sarah Parker;richardsjames@hotmail.com;+1-965-251-4082x7400
579;David;Miller;Jose Rivera;ufuller@yahoo.com;600-847-9139
580;William;Johnson;Karen Vaughn;logan40@yahoo.com;401.389.7932
581;Andrew;Hernandez;Christina Moody;amywilson@gmail.com;573-616-7962x98319
582;Carolyn;Coleman;Matthew Campbell;micheal74@yahoo.com;388.325.6891x93657
583;Brian;Knight;Mark Hernandez;johnsondeborah@gmail.com;001-672-467-1102
584;William;Li;Emily Martin;sadams@gmail.com;001-469-974-1883x7638
585;Dana;Baker;Samuel Gonzales;sanchezjuan@gmail.com;260-460-2499x1868
586;Brenda;Guerra;Paul Gutierrez;becky54@gmail.com;3379079007
587;Kathryn;Reed;Jonathan Cline;jefferyelliott@yahoo.com;+1-885-274-4581x936
588;John;Mcmillan;Steven Fowler;bakerbrittany@hotmail.com;(890)204-4744x19751
589;Robert;Yoder;Mary Chandler;melvin71@hotmail.com;615-690-8619x39697
590;Kevin;Wilson;Rebecca Irwin;anthony44@yahoo.com;769.679.7597
591;Mallory;Mercer;Timothy Green;gharrison@hotmail.com;(557)269-9903x10639
592;Daniel;Ellis;Jessica Tate;james11@yahoo.com;001-243-803-6337x107
593;Christopher;Cruz;Elizabeth Hendricks;benjamin60@hotmail.com;838.392.0697
594;Jennifer;Mills;Cynthia Peterson;diamondsmith@gmail.com;+1-441-905-3579x172
595;Brittany;Forbes;Mark Thornton;taylordouglas@yahoo.com;+1-360-226-2271x3223
596;Wyatt;Smith;Brian Peterson;joelpage@hotmail.com;931-587-5146
597;Andrea;Byrd;Michael Moore;bennettclayton@hotmail.com;629.425.0359
598;Emily;Gates;Theresa Walker;flowersstephen@gmail.com;001-958-535-1201
599;Mark;Davis;Kathryn Sanders;stacey07@hotmail.com;+1-256-459-4926x911
600;Vincent;Faulkner;Rodney Williams;gouldamber@gmail.com;(627)879-5820x3647
601;Darius;Graham;Tammy Johnson;donaldmartinez@yahoo.com;(870)327-3326
602;John;Henderson;Audrey Willis;zshepard@yahoo.com;001-582-482-3394
603;Elizabeth;Henderson;Justin May;hebertmichael@yahoo.com;001-589-512-7216x63051
604;Taylor;Blackburn;Andrew Barber;gonzalezjames@hotmail.com;520.581.3631
605;Kathleen;Jackson;Travis Richardson;gbailey@yahoo.com;(518)659-7287x450
606;Timothy;Pennington;Randy Reyes;gloverbarbara@gmail.com;5892811718
607;David;Rhodes;Jose Huff;douglas30@gmail.com;912.938.1838x72279
608;Tommy;Fisher;Anne Moore;ramirezrobert@gmail.com;(271)527-3428x314
609;Ronald;Lopez;Eileen Acosta;ezamora@yahoo.com;215-274-0053x38320
610;Candice;Jennings;Stephanie Frederick;fmoran@yahoo.com;001-612-313-3319x3923
611;Tiffany;Scott;Mary Mcintosh;graveskristen@hotmail.com;+1-378-785-1540
612;Jeffrey;Harper;Joyce Jones;woodjimmy@gmail.com;001-258-863-8195x418
613;Brittany;Meyer;Stephen Jones;joseph94@yahoo.com;759-287-0663
614;James;Schroeder;Justin Smith;atkinsgrant@gmail.com;001-722-286-4835x752
615;Robert;Marshall;Lauren Campbell;newtonjoshua@yahoo.com;750-887-8551x810
616;Andrew;Olson;Vincent Williams;parkerluis@yahoo.com;001-996-976-5259
617;William;Hall;Manuel Hughes;elizabeth23@gmail.com;+1-382-815-6795x9276
618;David;Dunlap;Luis Bowers;kforbes@yahoo.com;+1-546-846-3209x932
619;Christina;Curtis;Monique Rivera;xvazquez@hotmail.com;(904)849-1040x7531
620;Ashlee;Washington;Michael Mcmillan;bgray@gmail.com;+1-647-820-1050x684
621;Joshua;Black;Jesse Todd;foxrobert@yahoo.com;(525)261-3778
622;Sierra;Hardy;Danny Young;john34@gmail.com;+1-613-538-7065x308
623;Sean;Bush;Joshua Clark;joseph19@yahoo.com;001-893-771-3366
624;Sharon;Hale;David Griffith;rbond@gmail.com;201.555.6874
625;Kelly;Wright;Madison Moyer;martinlance@hotmail.com;871-617-3304
626;Joseph;Wu;David Castro;angela42@yahoo.com;958-523-2162x8641
627;Joseph;Fields;Kevin Lopez;williambrown@gmail.com;(488)698-9732
628;Michael;Morales;Richard Torres;tcook@gmail.com;459.934.9650x817
629;Andrew;Miller;Daniel Duffy;kruegerjacob@yahoo.com;430-673-8809x372
630;Richard;Miller;Alexandra Wise;lisamolina@yahoo.com;001-475-517-4043
631;George;Williams;Joe Lewis;elizabeth09@gmail.com;5467837370
632;James;Boyer;Charles Dennis;patricia46@yahoo.com;9329283071
633;Tiffany;Russo;Lori Barrera;sperez@hotmail.com;898.226.6001x34773
634;David;Wolfe;Allen Warner;hrobinson@gmail.com;001-483-636-4835x00742
635;Sarah;Ward;Susan Walker;lindalee@gmail.com;697-809-9512
636;Stephanie;Davis;Eric Davenport;fosterpatrick@yahoo.com;965.924.1591x46634
637;Kelly;Massey;Anthony Stewart;williamsonconnie@gmail.com;+1-497-549-6131x2740
638;Denise;Hayes;Carmen Warren;pamelaking@hotmail.com;001-899-964-1692x57145
639;Michael;Jones;Craig Mitchell;jchen@yahoo.com;2464653091
640;Brooke;Morrison;David Sanders;keith43@gmail.com;913-462-0592x960
641;Haley;Aguirre;Marissa White;montgomeryjose@yahoo.com;697.786.7723x6812
642;Felicia;Russell;Matthew Moreno;murraytammy@hotmail.com;+1-510-918-6896x464
643;Jamie;Campos;Robert Sanders;anthonyguerra@gmail.com;+1-395-236-4374x00223
644;Elizabeth;Lewis;Richard Rangel;leeconnie@yahoo.com;001-443-795-9592x431
645;Christina;Banks;Gregory Olson;lanedaniel@yahoo.com;(904)882-5358x572
646;Edward;Wang;Jennifer Green;curtisbright@gmail.com;290-536-4863
647;Amanda;Davies;Jack Glenn;anthony10@gmail.com;001-747-607-9098x9018
648;Rebekah;Reynolds;William Fitzgerald;angelicasullivan@yahoo.com;+1-345-722-3141x1115
649;David;Miller;Dawn Lamb;brittany71@yahoo.com;+1-793-622-5076x093
650;Casey;Carter;Jeff Hansen;james97@hotmail.com;+1-734-208-9414x75162
651;Ryan;Parker;Robert Humphrey;justinpena@hotmail.com;001-663-766-7870
652;Jennifer;Sims;Kiara Miller;dsanchez@hotmail.com;(373)707-6743
653;Rachel;Lopez;Wendy Cervantes;beckjulie@yahoo.com;(768)880-1127x1747
654;Danny;Collins;Mitchell Mills;stephaniehahn@yahoo.com;(415)505-8812
655;Christine;Gonzalez;Christopher Stark;kellywilson@yahoo.com;+1-989-493-1182x90679
656;Tara;Camacho;Kevin Gibson;johnsoncrystal@gmail.com;(554)329-7931
657;Erin;Gonzalez;Laura Hall;clineadam@hotmail.com;671-730-1323x4605
658;Tracy;Wells;Dr. Sydney George;kevinward@yahoo.com;210-582-1037x085
659;Tina;Zuniga;Marcia Daniels;teresacasey@gmail.com;001-767-781-4145
660;Ronald;Foster;Michael Alvarez;millerdennis@yahoo.com;001-812-567-0374x5417
661;Richard;Collins;Michael May;susan08@yahoo.com;714.737.6509x6263
662;Lauren;Walker;Jennifer Bruce;meadowsbrandon@gmail.com;(879)839-1372x882
663;Mark;Richard;Susan Watkins;alison14@gmail.com;+1-315-613-9850x095
664;Christopher;Dennis;Stephanie Perry;codysmall@hotmail.com;955.463.9776
665;William;Williams;Tammy Hendricks;pamela59@gmail.com;590.706.6633
666;Oscar;Taylor;Timothy Wood;georgeethan@gmail.com;(216)462-3817
667;Nicole;Perez;Anna Carroll;briansanchez@gmail.com;279-779-4966
668;Thomas;Bennett;Tyler Rogers;olivia22@hotmail.com;754-343-8041
669;Lauren;Owens;Brittney Morgan;kyle93@gmail.com;9587825088
670;Anthony;Blankenship;Rachel Kidd;christopher05@yahoo.com;001-530-983-5474x5809
671;Courtney;Pruitt;Elizabeth Baker;michael46@gmail.com;276.653.4328
672;Joann;Yu;Brenda Pittman;justin10@gmail.com;(670)952-4970
673;Martha;Carpenter;Anthony Huynh;joshua56@yahoo.com;(978)723-3394x434
674;Michael;Williams;Brittany Ingram;ashleyware@hotmail.com;+1-649-395-2930
675;Noah;Jackson;Jamie Peters;jeffersonsteve@gmail.com;(726)549-6429
676;Rebecca;Gilbert;Paul Oliver;thompsonamy@gmail.com;001-927-947-9488x294
677;Heather;Fowler;Jennifer Singh;olivermatthew@gmail.com;9363620741
678;Jose;Doyle;Laura Young;jose95@gmail.com;001-830-920-0586x431
679;Todd;Harris;Bethany Brewer;deanhernandez@yahoo.com;+1-702-780-4310x240
680;Joshua;Austin;Ricky Hill;alexanderellis@gmail.com;(925)724-4627x75568
681;Roy;Matthews;Jack Lewis;courtneywilliams@hotmail.com;(780)324-6671x065
682;Amanda;Miller;Abigail Paul;baldwinrobert@yahoo.com;(856)399-5484x8032
683;Jessica;Miller;Mr. Tracy Manning;eric28@gmail.com;210-306-9271
684;Cindy;Butler;Brittany Chase;paynebill@yahoo.com;001-385-937-8979x125
685;Ryan;Hill;Rachel Turner;dwatson@gmail.com;+1-984-572-7145x378
686;Jennifer;Blair;Jamie Gordon;lawrence79@gmail.com;+1-939-492-0863x8539
687;Natalie;Bailey;Shawna Sparks;claudiacarroll@yahoo.com;715.883.9139
688;Sabrina;Rogers;Bryan Blake;fosterbeth@yahoo.com;712.333.4982
689;Emily;Johnson;Phillip Brown;jenniferallen@gmail.com;(857)833-4954x5274
690;Jared;Molina;Erin Perez;derekweaver@yahoo.com;(749)954-8550
691;Brandon;Fletcher;David Cruz;zachary51@hotmail.com;(390)966-2349x9616
692;Christopher;Lindsey;Chelsea Martinez;tblake@gmail.com;3419924121
693;Victor;Jackson;Elizabeth Mccormick;reedrebecca@hotmail.com;(884)884-2186x1569
694;Jason;Hines;Christina Little;lroberts@hotmail.com;803.553.5376
695;Sarah;Garrett;Stephanie Clark;megancastro@hotmail.com;+1-538-741-6753x18010
696;Duane;Allen;Barbara Chen;rochacynthia@yahoo.com;+1-288-947-5738x29311
697;Candice;Allen;Stephanie Torres;murphysabrina@yahoo.com;+1-914-783-9365
698;Anthony;Jackson;Tammy Silva;jenkinschristopher@gmail.com;220-694-9452
699;Billy;Colon;Caitlyn Young;edwardjenkins@gmail.com;2769287804
700;Kimberly;Thomas;Jessica Moore;idudley@gmail.com;291-677-1233
701;John;Mcdonald;Traci Harris;lori91@gmail.com;001-402-605-2942x0111
702;Joanne;Webb;Jacqueline Stuart;martinezjoshua@hotmail.com;001-220-583-1658x6039
703;Philip;Sanchez;Emma Moore;ericksonkaitlyn@yahoo.com;(571)779-4718
704;Sarah;Arias;Matthew Rodriguez;rburns@yahoo.com;+1-795-811-8824
705;Heather;Wood;Michael Harris;kennethjenkins@hotmail.com;001-603-224-8459
706;Kayla;Mccarthy;Jason Boyd;sjackson@yahoo.com;+1-802-927-7497x53947
707;Susan;Barton;Austin White;atkinsabigail@hotmail.com;8649499134
708;Ruth;Smith;Lisa Johnson;wardjeff@hotmail.com;(761)418-3538
709;Rachael;Walker;Dr. Pamela Turner;julia70@hotmail.com;893.249.6214x6834
710;Anthony;Webster;Kevin Acosta;thompsonmichelle@yahoo.com;602.295.8304x394
711;Rachel;Alexander;Chase Leach;jeffrey70@hotmail.com;223-721-5743x60116
712;Jerry;Ford;Pamela David;richardsongregory@gmail.com;8027182242
713;Justin;Carpenter;Zachary Montoya;meyerswendy@yahoo.com;(281)288-0082x0384
714;Linda;Johnson;Barbara Gardner;william66@yahoo.com;3789976836
715;Jamie;Hodge;Michelle Higgins;morgan60@yahoo.com;623.520.0291
716;Jeffrey;Rogers;Robert Moran;joshuastrickland@hotmail.com;(892)355-8516
717;John;Carter;Pamela Fisher;adam19@hotmail.com;001-760-564-9671
718;Terrence;Meyers;Joel Smith;greerstephen@hotmail.com;820.886.3640
719;Jamie;Finley;Pamela Baldwin;kenneth01@gmail.com;4386391263
720;Amy;Wilson;Paul Smith;cindysanders@gmail.com;(525)322-1152x16632
721;Christopher;Adams;Angelica Williams;alisonrasmussen@yahoo.com;001-946-666-5949x6646
722;Christopher;Moore;Cathy Green;chenkatie@gmail.com;732.960.6063
723;Alejandro;Rodriguez;Christina Garcia;lmclean@gmail.com;+1-674-761-6363
724;Jason;Flores;Jose Johnson;xmcfarland@hotmail.com;001-353-504-7888x699
725;Sean;Roberts;Duane Cunningham;flong@hotmail.com;+1-476-905-2195x723
726;Todd;Gomez;Patricia Murray;xvelasquez@gmail.com;764-772-7050x42819
727;Mark;Kline;Kelly Young;thomas43@gmail.com;001-336-446-9878x59417
728;Bernard;Ramos;Colton Cunningham;perry52@gmail.com;001-792-739-5163x758
729;Angela;Willis;April Palmer;carlhall@yahoo.com;+1-848-963-2764
730;Nichole;Black;James Peterson;rodriguezmichelle@gmail.com;8489923266
731;Claudia;Wilson;Christina Edwards;dylan46@hotmail.com;764-236-1900x0836
732;Alexandra;Cruz;Sandra Murray;hrocha@gmail.com;(512)867-0718
733;Amy;Walton;Laura Villarreal;frobinson@gmail.com;+1-567-422-0065
734;John;Bartlett;Robert Hoffman;vhuynh@yahoo.com;207.636.0017
735;Shelly;Lyons;Robin Craig;richardjimenez@gmail.com;678.496.9935x98458
736;Daniel;Daniels;Ruben Morrow;joseph44@yahoo.com;8207420320
737;Donna;Williams;Joseph Richard;michaelbrown@yahoo.com;437-211-7439x95946
738;Antonio;Fischer;Brandon Thomas;yvette77@hotmail.com;(297)520-2768x99641
739;Richard;Turner;Rebekah Booth;rgarcia@yahoo.com;(957)375-9153
740;Maria;Martin;Marissa Castaneda;zberry@gmail.com;001-873-646-9630x69646
741;Hunter;Frye;James Cruz;janet58@gmail.com;544.807.1430
742;Brandi;Cole;Edward Taylor;scott33@gmail.com;+1-389-527-1072x2319
743;Allison;Campbell;Julia Willis;emcintyre@hotmail.com;3537134649
744;Justin;Ramos;Patricia Thompson;nicolewolf@gmail.com;001-920-812-3445x863
745;Kyle;Drake;Cynthia Johnson;bradleyjames@gmail.com;439.870.3118
746;Erin;Anderson;Lawrence Garcia;vincentlevy@gmail.com;+1-430-920-2571x31407
747;Michelle;Campbell;Steven Zamora;joshuasantana@hotmail.com;642-817-4133x9850
748;Tracy;Bell;Shelia Stanley;michellekhan@gmail.com;527-887-6460x7177
749;Brittney;Jackson;Danielle Cherry;lauren11@gmail.com;+1-705-515-9278x802
750;Michelle;Short;Danielle Stuart;bthomas@hotmail.com;(465)357-1895
751;Anthony;Silva;Ashley Campos;thoover@hotmail.com;(347)940-0038
752;James;Jennings;Connie Cooper;lindamoran@yahoo.com;3405014038
753;Leslie;Nichols;Amanda Rogers;erika92@hotmail.com;+1-443-543-6088x7506
754;Heather;Washington;Dr. Chad Harmon DDS;wilsonrodney@hotmail.com;+1-734-471-4403x637
755;Christine;Phelps;Thomas Wong;kevinwoods@hotmail.com;(990)299-1021x3666
756;Steven;Gray;Christopher James;john84@gmail.com;001-480-899-1360x5117
757;Pamela;Edwards;Scott Bennett;matthewjenkins@hotmail.com;001-575-899-0148x20738
758;Daisy;Ryan;Cameron Reyes;luisthompson@hotmail.com;204-846-2154
759;Samantha;Morris;Michael Vargas;amandamelton@hotmail.com;(553)953-8185
760;Richard;Rivers;Andrea Mejia;johnathan46@gmail.com;+1-715-657-2316
761;Angela;Alexander;Michele Walters;xparker@yahoo.com;9484998205
762;Elizabeth;Gonzalez;Michael Garcia;chloehayes@hotmail.com;253-979-9849
763;Gwendolyn;Davis;Elijah Williams;jeremybarrett@yahoo.com;5854987233
764;Jessica;Yang;Bradley Holloway;joseph21@gmail.com;851-678-3519x894
765;Erin;Campbell;Justin Fuller;nicolecox@yahoo.com;269.560.4322x76579
766;Shelby;Solomon;Daniel Gallagher;raymondmartinez@gmail.com;+1-398-481-3532x66797
767;Matthew;Bowers;Ms. Claudia Phillips;scampbell@yahoo.com;213.237.8646x0573
768;Diamond;Nicholson;Robert Salazar;vsteele@hotmail.com;4759295624
769;Lee;Walsh;Scott Johnson;christina93@gmail.com;+1-421-560-0245x802
770;Karen;Medina;Wendy Barrett;blakemartinez@gmail.com;(320)948-2028x866
771;Vicki;Shepard;Courtney Hawkins;fishercheryl@hotmail.com;973.946.9105
772;Michael;Clark;Margaret Lee;kimberlyhall@hotmail.com;(708)567-1320
773;Todd;Sullivan;Roger Smith;kylewarner@gmail.com;(526)686-4327x712
774;Andrea;Velazquez;Ryan Fischer;zharris@yahoo.com;001-347-588-0455x0562
775;Tricia;Smith;Jennifer Moses;johnthompson@yahoo.com;617.498.9095x5238
776;Abigail;Curry;Taylor Hall;kingmichelle@hotmail.com;509-517-8728x263
777;Laura;Reed;John Graham;courtney53@gmail.com;(691)914-0618
778;Robert;Morton;Mr. Benjamin Parker;rrodriguez@gmail.com;001-984-653-0673x0435
779;Samantha;Taylor;Phillip Williams;jennifer44@gmail.com;(297)872-8439x1259
780;James;Harris;Christopher Farley;laura77@gmail.com;702-807-9294x1211
781;James;Hopkins;Kevin Small;marilynmartinez@yahoo.com;870.342.2111x73265
782;Joshua;Flynn;Julia Roberts;teresaconrad@gmail.com;001-463-261-8563x02618
783;David;Ramirez;James Clark;benjamin78@gmail.com;2144692536
784;Jordan;Henry;Ronald Mason;christopheralvarado@yahoo.com;+1-494-429-4464x27262
785;Richard;Monroe;Antonio Johnson;hkirk@hotmail.com;+1-806-828-7205x406
786;Jeremy;Nelson;Brittany Terry;nwatson@gmail.com;001-466-996-3203x25040
787;Evan;Davis;Valerie Phillips;jamesreed@yahoo.com;001-756-702-3871
788;Jessica;Stevens;Troy Clarke;mitchell34@yahoo.com;769.241.8852x84148
789;Roger;Greer;David Reese;gaycraig@hotmail.com;+1-323-881-5590x57496
790;Brandon;Yu;Melissa Thompson;adriennelewis@hotmail.com;446-497-5212x9702
791;Danny;Gilmore;Melanie Cohen;pgardner@yahoo.com;+1-467-949-6508x9565
792;Michael;Logan;Renee Flores;clarkdwayne@hotmail.com;765.974.0616
793;Olivia;Harris;Casey Miles;garciaandrew@gmail.com;(623)247-9451
794;Kenneth;Young;Michelle Smith;cwilson@hotmail.com;(819)968-8595
795;Aaron;Jacobs;Mark Howard;wkelly@yahoo.com;001-389-288-5014x55121
796;Margaret;Sullivan;Teresa Mayer;kellyshelton@gmail.com;934-525-9429
797;Rachel;Anderson;Anthony Baird;randysweeney@hotmail.com;001-220-519-6198
798;Mercedes;Henderson;Scott Miller;johnsonmark@gmail.com;428.782.9916x07478
799;Jessica;Montgomery;Ashley Adams;ericlopez@hotmail.com;816.866.9192
800;Adam;Mendoza;Don Henderson;xjohnson@hotmail.com;+1-933-956-3014
801;Bryan;Anderson;Amanda Carey;iankim@yahoo.com;001-593-209-6991x2807
802;Walter;Lee;Mrs. Crystal Johnson;shawn90@hotmail.com;+1-288-733-6081x3507
803;Scott;Hunt;Carol Yu;brian63@yahoo.com;+1-824-244-0751x20978
804;Alexandra;Willis;Robert Merritt;tanyaflowers@hotmail.com;001-504-499-3745x009
805;Derek;Perez;Maria Sanford;mlove@gmail.com;+1-212-922-6484x86589
806;Marcus;Aguilar;Krystal Avila;kingmike@hotmail.com;(357)967-7879x9440
807;Sarah;Ho;Tonya Smith;timothy34@hotmail.com;(681)748-1094x6554
808;Dale;Francis;Lisa Nelson;michaeljohnson@gmail.com;280.706.9293x34138
809;John;Decker;Shane Huber II;flemingdaniel@hotmail.com;+1-518-462-3869x8735
810;Joshua;Williams;Dana Murphy;roberttorres@yahoo.com;+1-920-600-2961
811;Edward;Price;Lori Sanchez;hlee@yahoo.com;7132780363
812;Mary;Becker;Adam Bell;keithwilliams@yahoo.com;2567148465
813;Joshua;Jackson;Amy Harris;justin71@gmail.com;918.819.3655
814;Jacob;Lowery;Hunter Wilson;cookdavid@yahoo.com;884-454-1052
815;Jessica;Porter;Molly King;charlesburgess@yahoo.com;827-531-2129
816;Michael;Sutton;Tina Hanson;shannonmcgee@gmail.com;(316)313-2008x498
817;Richard;Velasquez;Jennifer Henson;ochavez@hotmail.com;001-743-427-2045x233
818;Paul;Porter;Nicholas Jones;lambertcourtney@hotmail.com;972.430.1746
819;Paul;Thompson;Susan Moore;terryreed@gmail.com;001-837-660-6939
820;Spencer;Alvarez;Jennifer Edwards;jjones@hotmail.com;426-579-3463x860
821;Michael;Parker;Dr. Jennifer Gibson;ejones@hotmail.com;001-830-941-5025x670
822;Brooke;Oliver;Nicholas White;fmontgomery@yahoo.com;001-423-430-4426x80369
823;Ray;Stone;Francisco Lopez;michael80@yahoo.com;858-389-4836x369
824;Garrett;Stewart;Denise Mills;wglenn@yahoo.com;8277431615
825;Misty;Rivas;Kerry Morris;uboyd@yahoo.com;+1-824-347-1355x22956
826;Abigail;Andrade;Richard Mullins;gerald83@yahoo.com;001-740-311-8116x0928
827;Jennifer;Taylor;Amber Austin;tami55@hotmail.com;+1-496-603-5751
828;Richard;Reynolds;Randall Allen;jimmymiller@hotmail.com;(987)635-7292
829;Brandi;Norris;Sherri Jones;mckinneylisa@gmail.com;(966)571-7427x5063
830;Eileen;Henry;Tammy Stuart;rosstodd@gmail.com;(776)760-4556
831;Todd;Ramos;David Peters;kathleengeorge@gmail.com;429.436.3626
832;Logan;Martin;Benjamin Jones;jacob78@yahoo.com;+1-241-777-5685x963
833;Sarah;Ali;Melissa Gomez;sean98@gmail.com;001-809-803-1361x195
834;Laura;King;Kayla Warner;keith67@gmail.com;488-549-2728x7542
835;Christopher;Jefferson;Joshua Simmons;myersamy@gmail.com;334.701.0160x40067
836;Amanda;Sanchez;Nicolas Jordan;xcannon@gmail.com;(938)493-1199x0832
837;Michael;Mercer;Michael Reese;jefferysherman@gmail.com;001-914-541-9721
838;Edwin;Harris;Kari Robertson;tbrown@gmail.com;264-506-8344x0690
839;Deborah;Anderson;Jennifer Morris;xbrown@yahoo.com;955.665.4342x0931
840;Kim;Hoffman;Dean Wilson;jacksontiffany@gmail.com;879-450-4802
841;Vanessa;Osborne;Heather Carney;jessica78@hotmail.com;+1-277-321-5163x27084
842;Diana;Porter;Mary Clark;julian03@yahoo.com;+1-715-758-6839
843;Kenneth;Roman;Ronnie Acevedo;zsmith@yahoo.com;001-832-295-7688
844;Shelby;Carroll;Mark Goodwin;davidthomas@hotmail.com;(976)704-6563
845;John;Anderson;Lauren Randall;robert13@gmail.com;7703378467
846;Paula;Holmes;Rebecca Lynn;sburgess@hotmail.com;406-396-8479
847;Michael;Cummings;Jake Griffin;jennifer53@hotmail.com;(725)444-5143
848;Robert;Foster;Michael Hammond;whayes@yahoo.com;(420)913-4070x940
849;Joshua;Lawrence;Robert Callahan MD;awalter@gmail.com;814-234-1383x20461
850;Sarah;Silva;Logan Franco;christina37@gmail.com;510-932-0591x4433
851;Courtney;Andrews;Michael Townsend;medinajessica@hotmail.com;630.429.3748
852;Jennifer;Anderson;Shawn Powers;cbarnes@hotmail.com;+1-334-562-6834
853;Ryan;Johnson;David Jackson;ujones@hotmail.com;371-546-0816x01945
854;Jessica;Watkins;Dean Barnes;tracyortega@hotmail.com;+1-312-757-0202x45775
855;Luke;Kelly;Jose Castro;joseph38@hotmail.com;+1-777-887-9312x49808
856;Nicole;Pace;Mr. Kenneth Bailey MD;staceybarnes@hotmail.com;717.891.2487x560
857;Abigail;Brown;Janice Thompson;marshallmichael@hotmail.com;+1-686-942-9538
858;James;Murphy;Whitney Martin;breanna65@yahoo.com;568.941.5347x426
859;Jacob;Olson;David Gonzalez;cummingsjohn@hotmail.com;602-265-3674x60863
860;Elizabeth;Tran;Dr. Logan Browning;andrea92@gmail.com;+1-880-232-6096
861;Catherine;Smith;Emma Williams;chase89@hotmail.com;439-326-5866
862;Sydney;Carey;John Smith;gellison@gmail.com;260-506-1635x5608
863;Amanda;Mendez;Justin Todd;tracie67@gmail.com;355.718.9590
864;William;Wilson;James Scott;tcoleman@hotmail.com;+1-764-668-0523
865;Lisa;Cortez;Anthony Mccormick;torreskatherine@gmail.com;001-719-516-9130
866;Monica;Shepherd;John Mejia;maryweaver@hotmail.com;(582)252-5976
867;Hector;White;Jennifer Whitaker;aliciajordan@gmail.com;813.504.2134x86888
868;John;Walker;Stacy Sloan;aporter@yahoo.com;277.890.2252x8921
869;Jeremy;Bray;Marcia Murray;bradfordtonya@gmail.com;485-475-7822
870;Greg;Burch;Phillip Archer;origgs@yahoo.com;001-941-824-7416x7436
871;Brenda;Garcia;Shane Taylor;scisneros@gmail.com;001-536-452-6411
872;Scott;Harris;Nancy Hoover;billyhernandez@gmail.com;(646)819-9562x8484
873;Peter;Mendez;Jesse Kelley;fparrish@yahoo.com;(469)333-9583
874;Jennifer;Taylor;Leslie Gibson;cwalsh@hotmail.com;850.666.8650x63084
875;Albert;Delgado;Patrick Barnes;hermantammy@gmail.com;+1-987-882-8191x93108
876;Brittany;Nunez;Eric Cervantes;martha09@yahoo.com;443.996.2622x41717
877;Mark;Meadows;Jessica Benjamin;davidmorris@hotmail.com;001-996-866-6950
878;Gregory;Reyes;Ralph Miller;castillotracey@yahoo.com;+1-415-753-4712
879;Nicholas;Love;Amy Michael;nmcneil@hotmail.com;001-883-382-5936
880;Lisa;Mueller;Wendy Singh;alopez@hotmail.com;713.226.2739
881;Tina;Robertson;Larry Aguirre;nancymason@hotmail.com;+1-992-912-5272x845
882;Cindy;Yates;Jamie Wang;margaret22@yahoo.com;+1-363-818-5452
883;Kenneth;Avila;Elizabeth Booth;reginaldsmith@gmail.com;001-389-584-7143x5955
884;Bonnie;Warren;Jamie Fernandez;cwright@yahoo.com;(498)231-7567
885;David;Jones;Mark Hall;randerson@gmail.com;001-890-264-0465
886;Jeffery;Wallace;Samuel Gardner;ronald70@hotmail.com;4368213503
887;Patricia;Kelly;Tracy Matthews;wilsonchristopher@gmail.com;(946)642-3352x7125
888;Brian;Sweeney;Daniel Ford;bowmanjeffrey@gmail.com;001-267-540-2797x90053
889;Sandra;Burns;Brenda Smith;qwong@yahoo.com;(609)580-3544
890;Alan;Lee;Rebecca Coleman;bakerrichard@yahoo.com;563-603-5068x20200
891;Jason;Brown;Andrea Huerta;tonylynn@hotmail.com;486-655-0231x17793
892;Dustin;Tucker;Dakota Morrison;deborah31@gmail.com;491.955.3180x9875
893;Kara;Vincent;Charles Miller;briandillon@hotmail.com;215-793-4666x11223
894;Ryan;Beard;Michael Lyons;katelyn39@hotmail.com;574.493.5561x86065
895;Glenn;Lucas;Ryan Johnson;erobles@hotmail.com;001-936-820-9089
896;Robert;Ballard;Spencer Poole;jonathan16@gmail.com;660.751.1021x137
897;Amber;Leonard;Joseph Adams;uhayes@yahoo.com;(990)496-9934x041
898;Lisa;Fuentes;Edward Martin;richardsonwalter@yahoo.com;(387)208-1313x23158
899;Daisy;Mccann;Dana Martin;laura51@yahoo.com;(546)692-9094
900;Jessica;Collins;Fernando Roberts;qwashington@hotmail.com;835-540-5725
901;Stephanie;Adams;Ronald Spence;daniel33@hotmail.com;315.270.2946
902;Michael;Lawson;Cheryl Willis;ryanfranklin@gmail.com;817.591.6043x9804
903;Walter;Green;John Walls;rebeccamichael@yahoo.com;259.562.3713
904;Steven;Porter;George Davis;robertroberts@yahoo.com;351-861-5602x2503
905;Angela;Meyer;Brandon Santos;rebeccajackson@yahoo.com;939-967-5906x91924
906;Sarah;Miller;Ryan Barnes;johnsontravis@hotmail.com;561.988.3788x45749
907;James;Howard;Dr. Lee Olson;fjuarez@gmail.com;+1-253-816-7746
908;Larry;Simmons;Dr. James Dorsey;hernandezsamantha@hotmail.com;+1-962-472-1728x6934
909;April;Herrera;Jack Norris;beth00@hotmail.com;203.241.2527
910;Melissa;Fry;Tony Williams;kingwilliam@gmail.com;4236810575
911;Brian;Jordan;Julie Hale;cfischer@yahoo.com;(992)687-8793
912;Anthony;Guerrero;Mr. Robert Patel;hartmankathleen@gmail.com;(529)286-4403x31354
913;Joseph;Hanson;Jennifer Martinez;adkinsrobert@gmail.com;001-877-929-6369
914;William;Rogers;Pamela Reynolds;woodwardpreston@hotmail.com;(774)486-3258
915;Julia;Johnson;Robert Howe;skeith@gmail.com;001-803-233-7242x60349
916;Annette;Meadows;Rebecca Mcdaniel;angelahernandez@gmail.com;242-717-7190x97418
917;Lori;Wilkins;Valerie Ho;donaldvance@gmail.com;(956)955-3154x8463
918;Margaret;Rodriguez;Gail Burch;crossangela@yahoo.com;001-272-562-7796
919;Carrie;Clark;Andrew Marks;tbender@yahoo.com;(416)349-4125
920;Martha;Gonzalez;Emily Johnson;lfowler@hotmail.com;(383)635-1209x4713
921;Miguel;Mosley;Charles Sandoval;laurieholloway@yahoo.com;594-586-6285x36375
922;Scott;Reed;Alyssa Floyd;steven02@yahoo.com;707.666.9942
923;Alison;Jackson;Vincent Harris;elizabethcox@yahoo.com;(779)681-2081x6238
924;Donna;York;Brandon Ford;rickyberry@yahoo.com;(371)448-6412x463
925;Nathan;Woods;Krystal Osborne;katie41@hotmail.com;(601)919-2264x54450
926;Brian;Wu;Crystal Singh;dennistimothy@yahoo.com;755.996.0002x166
927;Erica;Cruz;Cynthia Wilson;ajohnson@hotmail.com;(887)838-3018x2931
928;Mitchell;Lynch;Diana King;michelle67@hotmail.com;9225700387
929;Rodney;Morgan;Sara Williams;ryan54@gmail.com;+1-419-773-6071
930;Karen;Reyes;Kimberly Atkins;wooddaniel@gmail.com;951-306-6344x9238
931;Tonya;Stanley;Lisa Gibson;gbanks@yahoo.com;+1-535-352-4989
932;John;Morales;Lisa Shaw;jesussanchez@yahoo.com;(687)227-8388x1141
933;Alexander;Taylor;Carol Lewis;arnoldsheila@gmail.com;383-811-6313x096
934;Adrienne;Parrish;Aimee Norris;calebnguyen@yahoo.com;001-629-282-1659
935;Richard;Blake;Amanda Ellison;ulove@gmail.com;(245)534-9911x003
936;Michelle;Thompson;Rebecca Brown;ravenfrancis@gmail.com;3374724024
937;Julie;Patterson;Rachel Lee;jamesbaldwin@hotmail.com;374-219-2637x8123
938;Amanda;Wagner;Bobby Moses;denisesmith@gmail.com;+1-672-282-3598x80056
939;Jessica;Cunningham;Gary Liu;cassandra45@hotmail.com;+1-799-613-3151x7896
940;Michael;Ross;David Hunt;ahoward@hotmail.com;001-952-406-4206x462
941;James;Taylor;Andrew Thomas;fcampbell@hotmail.com;001-523-665-0528
942;Jon;Shaw;Dr. Brandon Gray MD;huffmankelly@hotmail.com;213.982.2508x8492
943;Madison;Hodge;Norma Allen;jeremy12@gmail.com;(459)605-0634
944;Julie;Robles;Mr. Zachary Munoz;wandahurley@gmail.com;325.463.2921
945;Marc;Torres;Mr. Mitchell Mann;fitzgeraldvanessa@gmail.com;569-955-8148x524
946;Jeffery;Rogers;Joan Navarro;tmartinez@hotmail.com;(688)526-8079x376
947;Alexa;Cannon;Kristi Garcia;phyllis58@hotmail.com;751-662-7735x283
948;Nathan;Gilbert;Karen Chandler;yvalentine@yahoo.com;(868)390-4066
949;Cassandra;Rojas;Michelle Kim;xgates@gmail.com;001-723-388-4212
950;James;Larsen;Whitney Allen;bobbywallace@gmail.com;001-825-289-3276
951;Daniel;Anderson;Sarah Farley;leslie47@hotmail.com;+1-512-510-4547x42691
952;Mckenzie;Sheppard;Stephanie Castro;alexisguzman@hotmail.com;700-397-4546x344
953;Christopher;Kline;Vincent Reyes;holdenchris@gmail.com;8934559903
954;Amanda;Ellis;Robert Reyes;patriciazimmerman@gmail.com;468.251.0454
955;Terri;Chang;Brandon Todd;evan55@yahoo.com;711.477.4140x79000
956;Andrew;Cole;Jennifer Mcdonald;jessica52@gmail.com;001-265-387-3655
957;Antonio;May;Tom Robles;john96@yahoo.com;001-439-909-3450x58576
958;Rhonda;Houston;Amanda Saunders;zyoung@gmail.com;925.732.0585
959;Michael;Green;Theodore Johnson;zevans@yahoo.com;810.802.6265
960;Jerry;Dean;Warren Irwin;kellyaimee@hotmail.com;580.920.3749x915
961;Crystal;Hunt;Tracey Welch;sarah38@hotmail.com;263-695-1661x6494
962;Nicholas;Fischer;Manuel Moore;jayherrera@hotmail.com;845.859.9029x750
963;Jose;Moore;Gregory Powers;michaelwatson@hotmail.com;+1-834-561-4939
964;Patricia;Adkins;John Cervantes DVM;derrickjohnson@gmail.com;001-492-839-9979x5222
965;Barry;Galloway;Matthew Mcpherson;njohnson@hotmail.com;001-327-986-4576x0971
966;Wendy;Mills;Tiffany Reyes;smithrachael@hotmail.com;(522)737-1559
967;Kenneth;Mills;Michael Huang;steven90@yahoo.com;604-293-4721
968;Brett;Anderson;Donna Dean;gonzalezthomas@yahoo.com;+1-352-923-0635x3595
969;Tracy;Williams;Susan Coleman;michaelrodriguez@hotmail.com;001-889-851-9728x0420
970;Courtney;Rodriguez;Jason Turner;cheryl67@gmail.com;+1-998-836-9569
971;Angela;Sampson;Brenda Barnes;erikestrada@yahoo.com;+1-259-431-5429
972;Kayla;Walker;Elizabeth Diaz;cchavez@hotmail.com;+1-650-733-2488x9246
973;John;Gomez;Jeffrey Ortega;william92@yahoo.com;+1-505-975-3889x933
974;Christian;Hobbs;Terry Lane;michele62@gmail.com;(447)328-3584x63850
975;Nichole;Gillespie;Anthony Patel;juliagraves@yahoo.com;660-889-7494x8774
976;Walter;Anderson;Joseph Fischer;dmartinez@hotmail.com;(419)667-3730
977;Tiffany;Mitchell;James Wilson;crystalwilliams@gmail.com;323.572.6986x7325
978;Terri;Johnson;Jason Jackson;ynelson@yahoo.com;3378317439
979;Neil;Johnson;Mark Joseph;derek68@gmail.com;+1-865-319-6712
980;Paul;Patterson;Micheal Mcintyre;jennifer20@gmail.com;686-523-7212
981;Christopher;Nelson;Rebecca Stephens;denisedaniels@yahoo.com;707-894-2090
982;Nicole;Richardson;Christina Cabrera;higginschad@gmail.com;263-540-7851
983;Jeffrey;Weiss;Melissa Burton;jgarcia@hotmail.com;001-537-877-9701
984;Amanda;Crawford;Suzanne Pierce;james85@hotmail.com;912.268.6382
985;Susan;Scott;Jennifer Wright;gmcdowell@gmail.com;667-447-0420
986;Christina;Deleon;Mark Riley;cassandradavis@hotmail.com;001-496-636-9395
987;Nathan;Lambert;Jesus Green;tanner81@yahoo.com;5834818627
988;Briana;Thornton;Jessica Rowe;dustinchen@hotmail.com;+1-653-745-8806x2627
989;Dawn;Jones;Anne Long;wcollier@yahoo.com;+1-929-663-5544
990;Gabriel;Coleman;Bryan Morales;brettholder@yahoo.com;328.314.0496
991;Julie;Thompson;Jeffery Thompson;danasullivan@yahoo.com;972-258-4360
992;Timothy;Andrews;Lisa Sweeney;lisa99@hotmail.com;001-226-849-8859
993;Joseph;Thompson;Tyler Miller;kennethwilson@hotmail.com;654.261.9555
994;Robin;Mason;Colin Kennedy;joshuajimenez@hotmail.com;(250)566-8473x6837
995;Katherine;Simmons;Heather Horton;comptonnancy@yahoo.com;001-452-215-3478x31667
996;Latoya;Mcneil;Kathryn Ellis;lori51@hotmail.com;(401)940-0069
997;Terri;Miller;Timothy Fowler;icollins@hotmail.com;630.263.6535
998;Michael;Whitaker;Dr. Cindy Snyder;mmiller@gmail.com;(922)642-9119
999;Natalie;Howard;Bill Walker;rle@hotmail.com;(891)929-7379
1000;William;Greer;Christopher Rivera;kellyjoseph@yahoo.com;+1-939-634-6962x36952
