Ms. Nicole Nelson;Timor-Leste;1538;db-26.reynolds-perez.com
Robert Price;Haiti;1548;email-53.spencer.org
Alexis Peterson;Equatorial Guinea;1982;lt-00.jimenez-simpson.com
Dana Edwards;Montserrat;1967;lt-60.reed.com
Catherine Romero;Montserrat;1887;laptop-03.bender-saunders.com
Christina Abbott;Cyprus;1672;desktop-72.douglas.com
Stacy Cole;Egypt;1582;lt-08.conner.info
Debra Gonzalez;Romania;1940;db-23.christensen.info
Paul Duarte;Denmark;1877;web-86.curtis.com
Peter Gonzales;Honduras;1732;web-54.blackburn.info
Michael Williams;Brazil;1849;lt-29.martin-mendoza.biz
Jerry Vazquez;Netherlands;1886;srv-08.mcbride.com
John Smith;Yemen;1654;desktop-92.rios-garcia.biz
Kaitlyn Horn;Namibia;1633;desktop-23.powers.com
Michael Paul;South Africa;1751;laptop-99.gonzalez.com
Katie Winters;Eritrea;1649;srv-93.anderson-armstrong.com
Elizabeth Olson;Congo;1991;web-68.wyatt.net
Mark Ford;Monaco;2010;srv-69.watkins.net
Wendy Morgan;Philippines;1943;web-22.peterson.com
Robert Paul;Malawi;1648;db-45.holloway.com
Brian Ball;Sri Lanka;1893;email-48.gibbs.com
Rebecca Mclaughlin;Jersey;1706;web-51.reese.org
Julie Miller;Senegal;1996;desktop-17.hull.biz
Amy Sanchez;Guyana;1981;laptop-45.robertson-carson.com
Ronnie Garrett;Australia;1930;laptop-57.robinson-henderson.com
Karen Adams;Sweden;1648;srv-67.jenkins-mack.com
Richard Cole;Senegal;1915;db-84.day.org
Katie Pennington;Angola;1877;web-89.torres.com
Scott Goodwin;Macao;1616;desktop-42.conway.com
Travis Knapp;Panama;1543;email-25.lopez.net
Jennifer Vazquez;Ireland;1674;laptop-41.jones.org
Lee Flores;Lebanon;1953;laptop-85.faulkner.com
Brenda Ewing;Japan;1959;email-75.stevens.com
Lori Hernandez;Peru;1504;desktop-77.garner.com
Seth Figueroa;Andorra;2004;web-63.anderson-mcguire.com
Haley Foster;Equatorial Guinea;1581;db-01.hubbard.biz
Victoria Malone;Australia;1937;lt-86.mason.com
Paul Thomas;North Macedonia;1583;db-89.parks-larson.org
Henry Dunn;United States Minor Outlying Islands;1861;laptop-98.henderson.biz
Melissa Bailey;Azerbaijan;1766;srv-06.cochran.com
James Thompson;Austria;2023;email-93.smith.biz
Gregory Reese;Norfolk Island;1865;db-29.murray.com
Sharon Snyder;Mexico;2020;srv-81.jackson.biz
Raymond Smith;Moldova;1617;db-43.zimmerman-hall.info
Haley Dalton;Macao;1823;desktop-41.schaefer.com
Christopher Bryan;Mexico;1695;web-56.howe.com
Dylan Wright;Ukraine;1534;db-64.smith.info
Luis May;United Arab Emirates;1956;desktop-26.robinson.org
Margaret Hickman;Turkey;1682;desktop-52.finley.net
Tricia Berry;Mauritania;1634;db-78.wilson.com
Catherine Brady;Faroe Islands;1669;desktop-52.arnold-gray.com
Mary Newman;Angola;1906;laptop-02.dougherty.com
Michelle Rivera;Myanmar;1883;laptop-06.garrison.org
Deanna Soto;Burkina Faso;1613;lt-34.maxwell-scott.com
Brenda Gilbert;El Salvador;1750;email-78.wilson.info
David Duncan;Korea;1754;desktop-82.fitzpatrick.com
Joel Carroll;Costa Rica;1728;web-49.davis.com
Mary Dawson;New Caledonia;1872;web-47.gallagher.biz
Jonathan Mcknight;Singapore;2020;lt-40.oconnor.net
Katherine Mathis;Senegal;1708;desktop-01.moore.com
Andrew Myers;Angola;1859;laptop-35.marsh.com
Kevin Jackson;Senegal;1900;srv-34.mills.com
Arthur Rodriguez;Hungary;1533;lt-55.martin.org
Amanda Campbell;Zambia;1881;email-61.peters-daniels.com
Amanda Garcia;Grenada;1984;srv-12.vasquez-may.net
Angela Vargas;Aruba;1649;srv-61.mayer.biz
Douglas Johnson;Australia;1963;lt-97.watson.com
Casey Young;Jamaica;1928;srv-30.pierce-barton.com
Michael Lawson;Grenada;1736;desktop-00.barker.com
Rachel Hammond;Albania;1781;db-94.moses-edwards.org
Alicia Owen;Comoros;1608;desktop-31.owens.com
Donald Anderson;Mongolia;1653;srv-99.camacho-lutz.com
Katie Mendez;Mongolia;1517;lt-13.kelly.com
Douglas Smith;Heard Island and McDonald Islands;1705;desktop-95.shaffer.net
Chad Sullivan;Mali;1969;email-47.anderson.org
Barbara Leonard;Colombia;1588;laptop-50.jensen.org
John Knight;Sudan;2022;srv-32.mcdowell.com
Patrick Fuller;Reunion;1865;web-46.marshall-flores.com
Patrick Richards;France;1979;lt-69.rocha-massey.com
Christopher Patel;Panama;1609;email-82.reed-pacheco.info
Rachel Villanueva;Norfolk Island;1937;laptop-30.castro.biz
Casey Coleman;Bouvet Island (Bouvetoya);1768;lt-85.matthews.biz
James Williams;Benin;1901;db-27.reed-thompson.com
Christine Delacruz;Japan;1879;srv-55.barry.com
Peter Morton;Afghanistan;1850;lt-20.rowland-branch.com
Paul Hughes;Niger;1719;desktop-04.yates-blanchard.com
Keith Tran;Iceland;1762;db-92.cannon-dudley.org
Robin Skinner;Moldova;1508;web-24.adams-gonzalez.biz
Kiara Roman;Greenland;1672;email-95.schroeder-white.com
Heather Anthony;Montserrat;1662;desktop-25.phillips-richardson.net
Derek Torres;Iran;1715;db-70.gonzalez.com
Scott Young;Armenia;1524;lt-04.kim.info
Amy Jones;Bulgaria;1737;db-90.jensen.com
Daisy Mason;Netherlands;1580;email-74.dunn.com
Aaron Perkins;Japan;1568;db-57.riggs-brown.com
Anthony Brown;Pakistan;1796;web-72.knox.com
Jessica Robles;Burkina Faso;1646;lt-53.gardner.com
Christopher Donaldson;Slovakia (Slovak Republic);1878;web-95.wiley.info
William Burke;Uruguay;1916;db-26.white-anderson.com
Cassandra Warren;Cocos (Keeling) Islands;1983;laptop-75.harding-johnston.com
Kristie Crawford;France;1842;web-22.aguirre.com
Carol Flores;Colombia;1877;desktop-95.harris-watts.biz
Stephanie Glover;Russian Federation;1887;email-76.jones.com
Mrs. Elizabeth Macdonald;Syrian Arab Republic;1806;desktop-74.strickland-campbell.com
Stanley Mason;Spain;1631;email-54.rodriguez.com
Jamie Moore;Estonia;1885;web-75.evans-franklin.com
Suzanne Thomas;Sierra Leone;1826;email-41.rhodes-robinson.com
Anthony Wyatt;Peru;1526;srv-48.williams-nelson.com
Jennifer Webb;Sudan;1998;lt-44.andrews.info
Kimberly Sexton;Sweden;1688;db-90.marks-wilson.info
Ian Miles;China;1698;laptop-58.campbell.info
Richard Bray;Montenegro;1656;web-40.moss-allen.biz
Isaiah Hernandez;Haiti;1704;desktop-66.gilbert.com
Patricia Drake;Guadeloupe;1969;desktop-27.barnett.com
Christopher Powell;Northern Mariana Islands;1577;srv-22.chan.org
Alex Little;Micronesia;1745;desktop-63.zimmerman.com
Kyle Gonzalez;Comoros;1612;db-94.harris-mitchell.net
Lisa Brooks;Costa Rica;1564;web-56.wells.com
Rebecca Richard;Bermuda;1645;lt-35.lin-perry.com
Bruce Norman;Sao Tome and Principe;1776;laptop-03.acosta.com
Terry Hall;Holy See (Vatican City State);1938;web-43.osborn.com
Emily Pruitt;Hungary;1629;laptop-81.terry.net
Madison Mitchell;Georgia;1886;email-08.mann-lowe.biz
Michael Irwin;Dominican Republic;1741;srv-32.harrison.biz
Kyle Torres;Niger;1865;desktop-90.jackson.com
Derek Lester;Swaziland;1583;desktop-79.clark-schaefer.com
Collin Johnston;Slovenia;1641;lt-07.erickson.com
Mark Rojas;Morocco;1551;desktop-87.gonzalez-love.com
Amy Miller;Guernsey;1764;desktop-63.bell.com
Tonya Vance;Timor-Leste;1813;web-46.carter-blackburn.org
Kevin Jackson;Ukraine;1591;desktop-58.burch.com
Nicole Rodriguez;Lesotho;1784;email-91.keller.com
Troy Zamora;Haiti;1919;lt-75.taylor-wade.org
Brandon Krause;Aruba;1675;email-38.velez.net
Jay Jimenez;Saint Pierre and Miquelon;1580;srv-01.foster.info
David Bradley;Antigua and Barbuda;2005;laptop-28.horton.info
Danielle Nixon;Chile;1608;db-81.mitchell-cain.com
Amanda Vega;Brunei Darussalam;1825;srv-95.mccann.com
Kayla Smith;Mozambique;1877;email-49.wheeler-vance.com
Mark Logan;South Africa;1543;email-26.santos-wells.biz
Nicole Rivera;Belize;1663;db-47.smith.com
Jennifer Becker;Mauritius;1689;db-18.king-conrad.org
Kristen Simmons;Chad;1898;web-78.davis.biz
Nicolas Edwards;Falkland Islands (Malvinas);1645;db-81.garcia.org
Maria Goodwin;Netherlands;1957;srv-50.hawkins.net
Katrina Baker;New Caledonia;1836;srv-93.marsh.com
Brooke Gray;Croatia;1605;email-17.bell.biz
Kimberly Hernandez;Jersey;1500;desktop-96.waters.com
Linda Nunez;Dominica;2002;web-77.cox.org
Justin Scott;South Africa;1978;laptop-06.davis.org
Regina Henderson;Ecuador;1698;db-84.hickman.com
Emily Miller;Antarctica (the territory South of 60 deg S);1743;lt-05.davis-le.com
Samantha Schwartz;United Kingdom;1694;srv-57.medina.com
Jeremy Hayes;Gabon;1748;laptop-89.richardson-cruz.info
Logan Peck;Seychelles;1949;lt-73.martinez.org
Heather Mccormick;Djibouti;1879;laptop-36.brewer.com
Margaret Mejia;Dominica;1701;srv-64.brown-alexander.info
Lucas Haley;Aruba;2017;desktop-71.brown.com
Charles Woods;United States of America;1659;lt-39.vaughn.net
Stephen Young;Solomon Islands;1646;laptop-26.hill.com
Nathan Michael;Uganda;1581;srv-95.roach.com
Lindsey Johnson;Somalia;1697;laptop-59.johnson.com
Kimberly Glass;Iraq;1755;db-74.taylor.biz
Robert Morales;Western Sahara;1979;db-60.davis.biz
Rebecca Butler;Lesotho;1658;srv-05.rose-chang.com
Christopher Burgess;Samoa;1947;desktop-02.martin.com
Jose Singh;Vanuatu;1838;db-32.delacruz.org
Mary Chang;France;1693;db-93.white.com
Katherine Brady;Montserrat;1519;desktop-06.gibson.info
Angela Juarez;Chile;1833;srv-45.wolfe-quinn.com
Mr. Scott Meyers;Portugal;1927;db-39.ray-clements.com
Cory Peterson;Indonesia;1777;db-80.robinson.com
Sheena Juarez;Solomon Islands;1709;db-39.anderson.com
Ashley Dickerson;Martinique;1989;lt-45.hess.com
Derek Ware;Congo;1528;db-51.ross.com
Ronnie Ortega;Niger;1847;lt-30.thornton-middleton.biz
Patrick Ball;Brazil;1596;email-93.daniel.info
Christine Williamson;Togo;1555;web-06.griffin-turner.info
Mark Kelly;Northern Mariana Islands;1640;db-67.wheeler.com
Rachel Jones;Tokelau;1971;lt-38.weber.com
Jimmy Norton;Nepal;1890;laptop-51.white.net
Chelsey White;Poland;1635;email-83.parker-craig.biz
Timothy Allen;Sri Lanka;1703;lt-19.johns.com
Laura Freeman;Andorra;1965;db-41.wong.com
Christopher Cooper;Christmas Island;1874;email-83.gray-bates.org
Zachary Conner;Turkmenistan;1932;desktop-87.reynolds.com
Emily Reynolds;Guadeloupe;1794;email-76.nicholson-stephens.biz
David Smith;Chile;1515;email-50.charles-bartlett.org
Lisa Underwood;Australia;1637;db-65.garcia.com
Jessica Villarreal;Singapore;1606;lt-53.thomas.biz
Shelly Bernard;Hungary;1736;desktop-08.durham.com
Jeffrey Guzman;Bangladesh;1634;email-03.hoover.info
Kayla Lewis;Bouvet Island (Bouvetoya);1502;srv-53.carlson.com
Joseph Mcguire;Saint Vincent and the Grenadines;1827;email-75.fleming.com
Rebecca Caldwell;Bulgaria;1521;db-50.morris-charles.net
Jessica Rowe;Mozambique;1530;desktop-55.harrington-campbell.com
Sarah Harrison;Antigua and Barbuda;1785;email-21.carlson-cowan.com
Patricia Gomez;Portugal;1588;lt-78.gomez-hodges.net
Jesse Mcbride;Venezuela;1994;email-74.lopez-owens.com
Rebekah Velazquez;Reunion;1705;web-70.miller-carter.com
Mr. Brian Guerra;Congo;1857;email-83.young.com
Laura Webb;North Macedonia;1604;lt-84.phillips-stephens.com
Jamie Yoder;Cayman Islands;1817;web-78.jones.com
Yolanda Keith;Nauru;1743;lt-80.williams-young.com
Tammy Jones;Romania;1973;lt-40.berry.com
Nicole Hampton;Pitcairn Islands;1730;lt-15.hanna-scott.biz
Sarah Hamilton;Albania;1935;desktop-06.adkins.org
Derek Peterson;Latvia;1925;laptop-46.peterson.com
Andrea Jensen;South Africa;1828;web-40.waller.com
Robert Jones;Korea;1707;laptop-41.walker-zimmerman.biz
April Stanton;Turks and Caicos Islands;1735;desktop-31.poole.com
Jaime Stevenson;Papua New Guinea;1714;lt-21.simon-yang.biz
Alexander Taylor;Maldives;1803;srv-64.morgan.com
Alvin Paul;North Macedonia;1886;srv-62.bradford.com
Ashley James;Bermuda;1925;db-75.thompson-thompson.com
Andrew Aguilar;France;1543;srv-06.little-wood.com
Andrew Stevens;Mozambique;1721;web-03.ball.com
Lorraine Foster;United Arab Emirates;2007;lt-37.chen.com
Donna Zhang;Lesotho;1936;web-74.torres.com
Madison Walsh;Namibia;2007;email-89.baker.org
Brittany Brown;Netherlands Antilles;1865;srv-14.becker.com
Gloria Mills;Burundi;2013;email-29.sexton.biz
Stephen Miller;Armenia;2017;db-74.rice.com
Sheila Anderson;Samoa;2008;lt-03.kline.com
Aaron Bailey;Israel;1508;srv-22.washington-reyes.com
Steven Mitchell;Russian Federation;1723;email-78.christensen.com
Kenneth Serrano;Saint Kitts and Nevis;1694;db-85.jacobson.com
Donald Chavez;Bhutan;1635;desktop-04.hoffman.com
Tina Baldwin;Djibouti;1685;laptop-42.bryan.com
Cody Martinez;Germany;1654;db-21.stewart-garrett.org
Hunter Ellison;Lesotho;1523;web-46.rodriguez.com
Michelle Taylor DDS;Yemen;1896;email-20.rivera.net
Michael Taylor;San Marino;1909;db-45.alvarado-collins.com
Frank Contreras;Niue;2013;web-15.cuevas-merritt.info
Tyler Jordan;Tokelau;1831;email-80.rodriguez.net
Heidi Ortega;Cocos (Keeling) Islands;1561;db-82.watson.com
Erin Park;Mexico;1539;email-71.taylor.com
Garrett Gomez;Nigeria;1568;email-37.hammond-dalton.com
Tracey Davies;Cape Verde;1538;lt-21.ramirez.biz
Heidi Miller;French Guiana;1634;desktop-23.rodriguez-chang.com
Jacob Hudson;Saudi Arabia;1771;lt-14.brown.com
Kristin Clark;Nepal;1575;srv-02.shelton.com
Candice Gonzalez;Denmark;1791;srv-89.thomas.com
Melvin Garrison;Burundi;1825;srv-53.mclaughlin-weaver.info
Lisa Brown;Peru;1871;db-05.garza.com
Ashley Valencia;Marshall Islands;1985;web-73.rivas.net
Zachary Tate;Anguilla;1928;db-73.kaufman.com
Luis Sharp;Finland;1722;lt-33.chan.com
Samantha Johnson;Eritrea;1845;lt-34.horn.com
Mary Roberson;Italy;1969;email-44.robinson-harris.com
Amy Jackson;Tuvalu;1539;web-67.martin-williams.org
Emily Armstrong;Gabon;1815;laptop-96.taylor.com
Dr. James Young;Liberia;1523;web-68.contreras.info
Amanda Wright;Anguilla;1954;lt-49.curry.com
Elizabeth Rivera;Saint Pierre and Miquelon;1684;desktop-42.velasquez.com
Allison Jackson;Nigeria;1600;lt-46.johnson-hayes.info
David Mckinney DDS;Sierra Leone;1549;laptop-37.walker-morris.info
Kathy Jenkins;Saint Pierre and Miquelon;2018;db-61.clark.com
Kelly Gilmore;Ireland;1594;email-31.flores.biz
Michael Sims;Saint Pierre and Miquelon;1998;db-17.cordova-perkins.biz
Lisa Adkins;Kenya;1583;email-23.randolph.biz
Joshua Hughes;Trinidad and Tobago;1945;desktop-38.ramirez.org
Allen Smith;Lebanon;1609;email-63.woodard.com
John King;Togo;1853;email-54.harding.com
Jason Luna;Luxembourg;1804;laptop-02.atkinson.com
Lori Lara;Myanmar;1718;desktop-58.church.net
James Carpenter;Serbia;1764;desktop-00.davis.com
Angel Castillo;Rwanda;1931;db-95.long.com
Jill Smith;Somalia;1731;laptop-25.herrera-perez.com
Renee Mcmahon;Estonia;1916;laptop-70.wheeler.com
Stacy Byrd;Pakistan;1909;email-10.bruce-ayala.com
Tyrone Holland;Finland;1510;email-29.campbell-walker.com
Gabriela Branch;Timor-Leste;1512;srv-79.howell-roberts.com
Dominique Hernandez;Mauritius;1823;laptop-76.williams-hall.com
Rebecca Rhodes;Netherlands Antilles;1780;db-99.warner.info
Michael Patterson;Tajikistan;1530;web-84.watson.info
John Miller;French Guiana;1907;laptop-61.thompson.net
James Quinn;Philippines;1584;lt-52.mcclain.com
Justin Jones;Paraguay;1867;web-22.williams.org
Christopher Roth;Dominican Republic;1761;web-04.tucker.com
Sara Ward;Zimbabwe;1569;srv-38.collins.info
Jasmine Shah;Morocco;1964;lt-77.payne-humphrey.org
Stacey Brown;Myanmar;1732;web-90.mcdonald.info
Brandon Clarke;Aruba;1610;lt-24.lopez-coleman.biz
Erica Day;Maldives;1975;web-32.cooper-wilson.com
Elizabeth Lewis;Morocco;1699;lt-91.warren.com
Jason Mills;Honduras;1628;lt-89.shelton.com
Emily Jenkins;Ghana;1645;email-17.hayden.com
Krista Jensen;Greece;2006;db-24.pope.com
Benjamin Smith;British Virgin Islands;1825;laptop-93.swanson.com
Debbie Hughes;South Africa;1900;srv-63.odonnell-lucero.net
Tiffany Adams;Aruba;1911;web-02.sanford-kelley.org
Kenneth Roth;Libyan Arab Jamahiriya;1517;laptop-23.hernandez-kennedy.com
Laura Davenport;Pakistan;1883;lt-02.farrell-osborn.net
Zachary Hoffman;Philippines;1889;desktop-60.harvey.com
Chelsea Mcdaniel;United Kingdom;1951;lt-18.jenkins.com
Victoria Richardson;Kyrgyz Republic;1794;lt-52.mcclain.com
Christina Wright;Mali;1917;email-07.brown.com
Ann Long;Montserrat;1699;desktop-60.wilson.com
Amy Martin;Gabon;1751;db-80.bell-bray.com
Jesse Wright;Mongolia;1641;email-89.durham.com
Briana Webb;Cocos (Keeling) Islands;1905;db-55.reyes-williams.biz
Jacob Hicks;Turks and Caicos Islands;1700;db-18.sosa.com
Corey Fowler;Singapore;1770;desktop-82.white-miller.net
Melissa Dyer;Tanzania;1895;email-80.johnson.net
Billy Wade;Anguilla;1503;email-11.baker.com
Jessica Walton;United States Virgin Islands;1813;web-29.krause.com
Christopher Garrett;Philippines;1992;desktop-87.walker.net
Joshua Myers;Madagascar;1900;email-94.richardson-jones.com
Jonathan Wilson;Tonga;1676;laptop-72.scott.biz
Melanie Sims;Suriname;1914;db-76.wade-summers.com
Hannah Williams;Tajikistan;1614;db-41.howell.org
Lee Marshall;Singapore;1752;db-10.smith-rubio.com
Richard Wallace;Samoa;2016;db-95.clark-freeman.com
Kevin Christian;Norway;1976;laptop-19.allen.net
James Clark;Kenya;1926;db-79.smith.com
Brad Banks;Northern Mariana Islands;1522;email-54.pratt.org
Lauren Smith;Aruba;1833;srv-15.townsend.info
Maria Ramirez;Montenegro;1763;email-24.long.com
Regina Adams;Somalia;1561;desktop-34.luna-hernandez.info
Melanie Johnson;Lithuania;1844;lt-83.cowan-stanley.org
Douglas Reynolds;India;1767;db-01.avery.info
Lisa Morales;Holy See (Vatican City State);1663;email-32.roberts-perez.com
Craig Blake;Nicaragua;1810;desktop-85.turner-king.biz
Natalie Jordan;Belarus;1710;web-92.khan.com
Angela Bartlett;Gibraltar;1653;desktop-93.rodriguez.biz
Ricky Maldonado;Nicaragua;1658;email-92.haney.biz
Holly Rodriguez;Wallis and Futuna;1764;laptop-69.griffith-taylor.info
Dr. Matthew Smith;Congo;1997;web-58.goodman.com
Paul Campbell;Poland;1749;email-07.ritter.biz
Dr. Darrell Robbins Jr.;Israel;1616;lt-75.brooks-knox.com
Daniel Brooks;Cambodia;1977;desktop-14.hayes-carlson.biz
Charles Moran;Togo;1669;db-33.hall-woods.com
David Roberts;Morocco;1907;web-47.ewing.com
Ronnie Fitzpatrick;Colombia;1772;desktop-94.morgan.org
Matthew Thomas;Liberia;1509;web-37.fletcher.com
Katherine Vega;Kazakhstan;1893;laptop-76.smith.info
Zachary Craig;Bermuda;1707;laptop-82.jennings.biz
Gabriel Hall;Holy See (Vatican City State);1503;laptop-18.davis.com
Tiffany Rogers;French Southern Territories;1713;lt-25.smith.com
Krista Valentine;Sierra Leone;1803;db-55.lane.com
Antonio Lane;Kazakhstan;1505;lt-49.wright.com
Alexandria Levine;United Arab Emirates;2017;desktop-27.ortiz-medina.com
Johnny Bullock;Oman;1995;srv-48.hall-walls.com
Mark Morris;Swaziland;1512;laptop-15.kelley-navarro.com
Victoria Hood;Philippines;1859;db-04.soto.com
Taylor Mitchell;Aruba;1914;srv-51.jenkins-fowler.com
James Munoz;Bangladesh;1526;web-87.patel-bryant.com
Shannon Flores;Haiti;1538;db-48.mann-suarez.org
Ryan Bonilla;Cook Islands;1544;lt-80.rodriguez.com
Caitlyn Strong;Kenya;1933;db-16.singh.net
Jorge Johnson;Lao People's Democratic Republic;1606;lt-78.reed-ortiz.com
Thomas Flores MD;Chad;1653;lt-23.sanchez-jackson.info
Kevin Grant;Korea;1766;lt-48.sosa-bolton.com
Christine Bush MD;Azerbaijan;1513;email-36.reyes.biz
Kathryn Powell;Hungary;1536;email-58.morgan-carey.com
Christopher Walton;Bolivia;1618;web-60.smith-gray.org
Cindy Spencer;Isle of Man;1560;desktop-50.hansen.com
Lawrence Valentine;Lithuania;1943;desktop-40.kidd-nguyen.com
Mary Graham;Belgium;1612;srv-68.adams.net
Stephanie Weber;British Virgin Islands;1546;desktop-48.morgan-rodriguez.net
Michael Lawrence;Isle of Man;1567;web-34.hester-madden.com
Nathan Miller;Bouvet Island (Bouvetoya);1715;srv-73.heath.com
Calvin Hampton;Egypt;1845;desktop-72.mccann.com
David Collins;Tajikistan;1523;email-96.bishop.com
Jacqueline Cherry;Honduras;1577;srv-63.smith.info
Michele Taylor;Malta;1870;desktop-14.mendez-vazquez.net
Kimberly Smith;France;1621;desktop-31.potter.com
Corey Greene;Christmas Island;1887;web-95.ferguson.com
Todd Davis;Bahrain;1702;db-59.thomas.com
Crystal Flores;Egypt;1843;srv-49.avila-gutierrez.com
Linda Buck;Congo;1557;srv-72.wilson.com
Jill Tyler;Kazakhstan;1699;email-12.yu-villarreal.com
Denise Moore;Croatia;2016;web-72.davis-mitchell.com
Tara Thomas;Saudi Arabia;1632;email-82.floyd.com
Kyle Boone;Vietnam;1656;lt-02.tapia.com
Bryan Francis;Cape Verde;1886;laptop-75.hernandez.net
Joseph Palmer;Nicaragua;1593;desktop-50.mason-hernandez.com
Christopher Cordova;Malawi;1658;db-18.watson.net
Misty Williams;Tonga;1706;email-91.martinez.net
Henry Miller;Hungary;1536;desktop-15.goodwin.com
Mary Wilson;Korea;1537;email-82.miller.com
Maria Marshall;Christmas Island;1589;laptop-96.smith-wilson.com
Kyle Robinson;San Marino;1868;desktop-03.wood.net
Emily Martinez;Costa Rica;1713;srv-74.bradford.com
Julie Hinton;Saint Martin;1844;srv-39.smith.biz
James Mills;Bouvet Island (Bouvetoya);1946;db-04.mckee.org
Derek Combs;United States of America;1858;srv-99.nguyen.com
Erik Welch;French Guiana;1996;laptop-73.bennett.net
Daniel Hansen;Sudan;1825;laptop-29.smith.com
Kelsey Ramirez;Korea;1608;db-09.schwartz-golden.biz
Derrick Harmon;Malaysia;1610;desktop-61.mejia.net
Gregg Hall;Korea;1870;srv-24.matthews.info
Christie Garcia;Kiribati;2014;lt-37.peterson.com
Joshua Clark;Grenada;1745;srv-45.norris.com
Johnathan Barrera;Guinea;1922;lt-89.campbell.com
Tammy Cameron;Slovenia;1736;db-93.martinez.com
Stacy Smith;Tokelau;1581;web-98.park.com
Manuel Flores;Palestinian Territory;1907;laptop-30.brown.biz
Tina Lopez;Denmark;1948;web-97.peck.com
Glenn Austin;Seychelles;1860;lt-84.hudson.com
Kathy Bartlett;Gibraltar;1556;web-68.jackson-hamilton.com
Lindsay Cobb;Monaco;1912;email-73.beck-underwood.com
Roy Turner;Armenia;1776;srv-88.lee.com
Dominic Morales;Mexico;1850;laptop-35.chase.com
Jodi Hamilton;Costa Rica;1970;email-06.stewart.net
Sean Anderson;Palau;1509;email-57.nelson-medina.biz
Kenneth Holland;Heard Island and McDonald Islands;1902;web-71.trevino.com
John Scott;Seychelles;1547;email-94.wood.com
Lisa Love;Haiti;1831;srv-68.reed.biz
Tanya Banks;Cambodia;1675;db-05.martinez.net
Megan Perez;Madagascar;1988;laptop-49.snyder.biz
Dennis Stafford;Holy See (Vatican City State);1830;desktop-70.daniel.org
Tammy Cobb;French Southern Territories;1520;email-04.brown.com
Joseph Lopez;Guatemala;1510;desktop-27.kim.net
Sheri Li;Zimbabwe;1601;email-17.johnson-potter.com
Mark Webb;Slovakia (Slovak Republic);1895;db-10.fletcher-pearson.info
Emily Simpson;Hungary;1651;laptop-80.lawson-diaz.com
Jennifer Clark;Algeria;1788;web-00.craig.com
Cynthia Flynn;Costa Rica;1709;web-53.wood.org
Candace Martinez;Holy See (Vatican City State);1594;lt-58.maldonado.org
Joseph Hall;New Caledonia;1539;desktop-99.wilson.org
Dustin Banks;Morocco;1619;desktop-95.fisher-young.com
Justin Copeland;Cyprus;1703;db-75.lopez.net
Michael Adams;Saint Pierre and Miquelon;1598;desktop-78.ramsey.org
Sherri Matthews;Micronesia;1824;lt-11.manning.com
Angela Sandoval;Bosnia and Herzegovina;1635;srv-58.fischer.biz
Scott Bond;Bahamas;1778;laptop-12.oneill-hogan.com
Tamara Clark;Colombia;1811;lt-08.garner.net
Terri Peterson;Turks and Caicos Islands;1688;email-75.collins.org
Tina Jordan;Saint Barthelemy;1761;web-50.wright.com
Paul Lee;Falkland Islands (Malvinas);1780;laptop-91.odom-pollard.com
Elizabeth Franco;Slovakia (Slovak Republic);1871;lt-61.miller-guerrero.info
Jesse Fitzgerald;Jersey;1651;laptop-29.lyons.info
Sydney Lewis;Saudi Arabia;1695;email-86.smith.com
David Payne;Angola;1642;lt-27.pacheco.com
Sarah Orr;Serbia;1714;db-35.sanchez-carroll.com
Elizabeth Farrell;Slovenia;1573;email-29.thomas.com
Veronica Walker;South Africa;1967;email-30.chen.biz
Jennifer Mccarthy;Bosnia and Herzegovina;1743;srv-80.wagner-logan.biz
Mr. Michael Williams;Portugal;1907;desktop-09.johnson.info
Christina Bauer;Niue;1913;lt-50.baker.com
Stacey Patton;Burundi;1870;laptop-86.carroll.com
Cynthia Lee;Luxembourg;1588;srv-24.rose-moore.com
Erica Cooper;Costa Rica;1906;web-91.howell.com
Chelsea Wells;Argentina;1512;desktop-87.russell.com
Allison Oliver;British Indian Ocean Territory (Chagos Archipelago);1976;email-94.patterson-williams.com
Phillip Mcfarland;Venezuela;1674;email-10.hernandez-walker.com
Terri Thompson;Nicaragua;1815;email-01.salazar-curtis.com
Michaela Baker;United States Minor Outlying Islands;1818;desktop-54.richardson.info
Christine Ramsey;Turkmenistan;1507;web-83.cook-mata.com
Madison Rose;Oman;1819;desktop-45.george.com
Sharon Mcdonald;British Virgin Islands;1814;laptop-21.miller.com
Makayla Bond;Tanzania;1674;web-52.white.org
Brandon Casey;Niue;1747;laptop-42.wiggins-davis.biz
Rebecca Ryan;Niue;1847;email-28.powell.com
Amy Evans;Lesotho;2020;web-76.young.net
Amanda Garcia;Christmas Island;1839;srv-34.dickerson.com
Zachary Duncan;Ethiopia;1594;lt-68.johnson.net
Albert Blankenship;British Virgin Islands;1820;db-76.stark.com
Holly Patrick;Zimbabwe;1758;web-43.hurley.com
Michael Velazquez;Slovenia;1618;lt-14.mills.com
William Campos;Nauru;1960;web-56.rios.com
Jacob Hall;Bolivia;1802;srv-88.lloyd.com
Melanie Hardin;Lebanon;1933;email-38.arroyo.com
Keith Villarreal;Palestinian Territory;1796;db-95.lang.info
Brooke Rivas;New Zealand;2022;laptop-59.hughes.org
Billy Johnson;American Samoa;1644;desktop-64.dominguez-davis.com
Tanya Thomas;Latvia;1579;laptop-53.reese.net
Mike Ferguson;Maldives;1525;desktop-48.hernandez.com
Alexis Williams;Cayman Islands;1971;email-23.meyer-montgomery.com
Aaron Thomas;Honduras;1909;email-80.ortiz-vazquez.com
Ashley Olson;Netherlands Antilles;1509;srv-60.miller.com
Rebecca Holland;Mauritius;1824;email-68.baird.com
Brett Stephenson;Monaco;1898;desktop-69.green.net
Angela Morgan;Bermuda;1911;desktop-68.hicks.com
Danielle Evans;Gambia;1894;web-63.mcmahon.com
Sharon Gibson;Honduras;1587;laptop-42.sawyer-hoffman.com
Belinda Ford;Vanuatu;1957;srv-10.harris-fitzgerald.org
David Murphy;United Arab Emirates;1538;desktop-84.long.com
Bailey Moran;Bolivia;1700;db-64.underwood.com
Tiffany Romero;Israel;1822;email-99.robinson.biz
William Macdonald;Norfolk Island;1714;desktop-82.moore-phillips.biz
Donna Andrews;Jamaica;1768;lt-01.taylor-page.com
Amanda Arias;San Marino;1570;srv-40.stewart-edwards.biz
Laura Little;Togo;1795;email-25.phelps-beck.com
Luis Carter;Papua New Guinea;1753;web-50.gray-coleman.org
Gregory Lopez;Japan;1677;desktop-03.long-trevino.com
Jonathan Clark;Bulgaria;1870;laptop-79.rose.com
Laura Mcgee;Russian Federation;1685;srv-39.may-mullins.biz
Marcus Reynolds;Saint Barthelemy;1878;desktop-69.fritz.biz
Roberto Day;Angola;1797;srv-31.harris.com
Mike Morgan;Sudan;1906;laptop-65.cox.com
Andrea Carter;Yemen;1709;email-53.holmes.net
Vincent Rodriguez;Saudi Arabia;1598;srv-76.lambert.org
Jessica Johnson;Chad;2010;email-57.atkins.com
Daniel Edwards;Azerbaijan;1847;laptop-95.reyes-bailey.com
Philip Villa;Croatia;1540;db-40.riggs-barker.com
Wendy Cabrera;France;1642;laptop-09.romero.com
Lisa Rodriguez;Bermuda;1917;desktop-06.ramirez.com
Lisa Ramos;Iraq;1547;laptop-09.kelly.com
James Coffey;Morocco;1620;desktop-89.morales.com
Eric Bell;Croatia;1725;laptop-08.solis.com
Elizabeth Herrera;Denmark;1661;laptop-08.haas.com
Kimberly Beck;Colombia;1946;lt-34.hunt-robinson.com
Joseph Johnston;Armenia;1818;db-08.lane.net
John Haley;China;1850;db-11.smith-bright.com
Stephanie Shepard;Luxembourg;1598;email-04.nguyen-gonzalez.com
Matthew Rivera;Mauritania;1510;lt-75.green-hamilton.biz
William Mcmillan;Cook Islands;1573;srv-36.taylor-parker.net
Amanda Ramirez;Congo;1599;web-28.johnson.com
Lisa Villanueva;Maldives;1871;email-23.ramos.com
Mario Jackson;Norfolk Island;1813;email-73.jones.com
Mario Cuevas;Nepal;1663;lt-43.morton-davis.net
Martha Larson;Trinidad and Tobago;1834;email-13.simmons.com
Robert Brown DVM;Chile;1882;srv-78.butler.com
Jordan Carroll;Mali;1995;db-34.crane.info
Amy Wilkinson;Isle of Man;1587;lt-83.herrera-williams.com
Linda Spence;Saint Barthelemy;1818;laptop-44.mcfarland.com
Jessica Evans;Burkina Faso;1941;srv-08.ingram.com
Hannah Bishop;Malta;1506;srv-70.walls-miller.com
Gabriel Leon;Libyan Arab Jamahiriya;2003;email-47.stevens-washington.com
Christine Miller;Afghanistan;1595;lt-49.mitchell-johnson.com
Amy Johnson;Aruba;1794;db-91.allen-moore.com
Barry Michael;Sierra Leone;1646;db-57.adams.com
Sheryl Taylor;Austria;1530;lt-37.barnes.net
Jacob West;Christmas Island;1663;srv-59.leon.biz
Steven Austin;Tuvalu;1637;srv-77.haas.com
Katelyn Bennett;Belgium;1619;db-43.avila.com
Eric Wheeler;Haiti;1861;lt-20.kirk.com
Mark Shaw;Guinea-Bissau;1570;srv-29.james.com
Stephanie Simon;Switzerland;1584;web-44.thompson.com
David Carter;Korea;1717;db-93.sosa.com
Jason Pratt;Mexico;1694;laptop-43.jones.com
Madison Medina;United States Minor Outlying Islands;1862;laptop-74.martin-downs.org
Seth Brooks;Somalia;1568;desktop-61.woods-mcbride.net
Mark Foster;Faroe Islands;1649;email-44.oneill.com
Nicole Jackson;Liechtenstein;1504;srv-80.castaneda.com
Belinda Clark;Peru;1692;laptop-65.jones.com
Kevin Morales;Bouvet Island (Bouvetoya);1640;email-94.jacobs-mora.org
Marvin Cole;Poland;1542;lt-50.walker-reed.com
Michael Jennings;Morocco;1628;db-00.jimenez-johnson.com
Mitchell Young;Malawi;1882;desktop-86.stephens.org
Daniel Underwood;Jordan;1549;laptop-25.thompson-reynolds.org
Madison Johnson;Cuba;1646;lt-19.gilmore-duncan.com
Autumn Mason;Indonesia;1690;desktop-91.parker.info
Frank George;Nepal;1569;web-94.petersen-lutz.com
Richard Ruiz;Venezuela;1755;web-24.doyle.com
Kelly Sutton;Netherlands Antilles;1593;db-50.bailey-jackson.info
Dana Gardner;Timor-Leste;1898;web-42.bartlett.com
Tyler Boyd;Uruguay;1977;srv-06.johnson.info
Andrea Martin;Indonesia;1739;db-86.lee.com
Andrew Stephens;Myanmar;1627;lt-04.stevenson-fox.com
Scott Mora;Portugal;1822;desktop-85.kirk.info
Katherine Montoya;Suriname;1748;web-88.rodriguez.org
David Miller;Gibraltar;1587;web-51.vance.com
Bryan Price;Austria;1795;web-88.banks.net
Gregory Mcmahon;Denmark;1668;laptop-86.anderson.com
Andrea Thornton;Myanmar;1958;db-36.fernandez.com
Jason Collins;Haiti;1855;web-23.hoffman.com
Angela Miller;Svalbard & Jan Mayen Islands;1874;srv-82.davis-chandler.com
Sharon Smith;Lao People's Democratic Republic;1960;web-26.martinez-rocha.com
Kimberly Wheeler;Tajikistan;1940;srv-43.everett.info
Jamie Baker;Syrian Arab Republic;1556;email-05.rodriguez-smith.net
Joshua Ward;Puerto Rico;1717;srv-59.jackson-kirby.com
Derek Ortiz PhD;Mauritius;1728;db-82.vega.com
Ralph Yang;Russian Federation;1688;desktop-15.kim-robinson.com
Kimberly King;United States of America;1637;desktop-95.smith.com
Anne Maldonado;Senegal;1721;db-56.hobbs.info
Michael Foster;Honduras;1720;db-59.patterson.com
Matthew Reeves;Canada;2007;lt-56.gomez-atkins.org
Mercedes Dean;Georgia;1987;db-93.hansen-hanson.org
Zachary Curry;Malaysia;1868;srv-86.frederick.com
Mary Clark;Togo;1528;lt-73.swanson.com
Robert Ayers;Saint Pierre and Miquelon;1713;db-87.wilson-mccarthy.com
Eddie Joyce;Tuvalu;1543;email-59.johnson.com
Ashley Bryant;Dominica;1532;lt-36.olsen.org
Sandra Tucker;Suriname;1628;srv-26.velez-mcpherson.org
Jessica Stephens;Martinique;1862;db-89.case.net
Jesse Carrillo;Kazakhstan;1803;email-54.hammond-blanchard.com
Julie Washington;French Guiana;1966;email-57.walker.com
Anthony Nichols;Libyan Arab Jamahiriya;1772;srv-25.ford-elliott.info
Victoria Quinn;Niger;1668;db-36.montoya-garcia.com
Kristine Barr;Norfolk Island;1592;web-83.lee-garza.info
Kristen Lynch;Latvia;1539;srv-45.hicks.com
Duane Lamb;Suriname;1827;email-64.brown-bean.biz
Edward Hickman;Malawi;1874;srv-55.marshall.biz
Michelle Campbell;Saint Vincent and the Grenadines;1913;laptop-56.lee-hale.biz
Alexandra Hernandez;Argentina;1526;lt-53.garrett.net
Jessica Park;Suriname;1939;laptop-05.richard.com
Jon Clark;Dominica;1508;email-02.wells.com
Kent Vasquez;Hungary;1845;web-75.bentley.com
Nicholas Dixon;United Kingdom;1813;web-56.hill.biz
Tracy Fitzgerald;Dominica;1730;srv-83.johnson.net
Maria Brown;Bhutan;1824;lt-05.gutierrez.com
Joseph Roberson;Greenland;1843;srv-29.jones.com
James Vasquez;Japan;1525;web-41.bird.com
Shawn Johnson;Saint Lucia;1825;laptop-01.joseph-davis.com
Michael Duke;Bouvet Island (Bouvetoya);1500;db-36.keller-olson.com
Roger Marquez;Ukraine;1750;db-35.smith.com
Debra Santiago;Antarctica (the territory South of 60 deg S);1576;email-97.larson-barrett.com
Brittany Wilson;Northern Mariana Islands;1905;web-78.gibson.com
Matthew Mckee;Cambodia;1949;laptop-67.price.com
Anita Burke;Cape Verde;1664;web-21.manning.com
David Griffin;Comoros;1904;web-83.hogan-oconnell.org
Eric Coffey;Bangladesh;1972;srv-24.walters.com
Linda Reynolds;Indonesia;1840;db-58.shaffer.org
Brittany Frazier;Palestinian Territory;1717;srv-55.brown-lester.com
William Brown;Congo;1756;email-45.travis.biz
John Fleming;China;2012;db-41.evans-washington.com
Miranda Gray;Ireland;1998;desktop-11.sweeney.com
Leslie Smith;Myanmar;1873;db-14.alvarez.com
Cory Mitchell;Australia;1966;db-61.johnson.com
Kyle Diaz;Canada;1627;desktop-79.lee-white.biz
Christopher Galvan;Romania;1981;db-92.johnson-mcgee.org
Sally King MD;Bolivia;1723;lt-00.jones.com
Jennifer Santos;Sri Lanka;1526;srv-49.lane-johnson.org
Chelsea Sanchez;Costa Rica;1837;laptop-75.craig.com
Ruth Juarez;Netherlands Antilles;1588;lt-29.dodson.com
Benjamin Martinez;Timor-Leste;1610;db-53.wright.com
Rachel Hanson;Egypt;1935;srv-56.hancock-arroyo.com
Lisa Steele;Netherlands;1937;db-85.johnson.com
William Diaz;Mayotte;1851;web-50.downs.com
Tiffany Stafford;Cayman Islands;1797;web-25.munoz.com
Michael Velasquez;Saint Helena;1860;lt-58.villarreal.info
Olivia Woods;French Southern Territories;1755;laptop-69.mitchell.com
Elizabeth Garcia;Tonga;1971;srv-78.brown-lynch.com
Frank Henderson;Sri Lanka;1605;web-91.johnson.net
Erin Kramer;Syrian Arab Republic;1642;desktop-20.valenzuela.com
Brian Dodson;Timor-Leste;1647;email-43.bruce.com
Sally Moody;Lesotho;1700;email-26.mason.org
Caleb Flowers;Algeria;1857;web-75.mills.com
Jason King;Reunion;1995;lt-32.anderson.com
Christopher Anderson;Grenada;1763;lt-58.harris.org
Jesse Wyatt;Cocos (Keeling) Islands;2012;lt-64.spencer-brown.com
Dr. Deborah Trevino;Tuvalu;1951;db-85.patel-green.com
Jason Simmons;French Southern Territories;1588;laptop-11.thomas-austin.com
Francis Owens;Falkland Islands (Malvinas);1950;laptop-06.allen.com
Jenna Mcdaniel;French Guiana;1774;email-39.howell.com
Edward Johnson;Sweden;1898;email-31.kelley-vasquez.com
Jessica Mclaughlin;Bhutan;1604;db-87.foley.org
Ryan Barton;Somalia;1507;db-93.stafford-pugh.com
Christopher Berger;Paraguay;1646;email-41.simpson-murphy.com
Jennifer Perez;Nicaragua;1673;lt-53.meza.com
Adam Warren;Pitcairn Islands;1700;email-96.lopez-roberts.com
Frank Fletcher;Ethiopia;1564;email-30.jackson.org
Brent Martin;Bosnia and Herzegovina;1589;web-25.perkins.info
Elizabeth Parker;Cameroon;1685;laptop-90.richardson.com
Melanie Brown;Samoa;1537;lt-49.hamilton-smith.com
Patricia Hughes;Burkina Faso;1826;db-35.white.com
Susan Santiago;Cyprus;1723;lt-68.cole.com
Frank Sims;Uruguay;1948;lt-52.roach.com
Shirley Perez;United Arab Emirates;1932;desktop-29.shepherd.com
David Williams;San Marino;1699;db-95.arroyo.org
Amanda Jenkins DVM;Lebanon;1735;email-70.hickman-frazier.com
Michael Hodge;Georgia;1674;lt-02.berg-williams.net
Daniel Johnson III;Vietnam;1996;desktop-71.green-dunlap.com
Brandon Stephenson;Korea;1741;desktop-61.orr.info
Ruben Williams;Luxembourg;1551;desktop-42.ross.com
Edward Mclean;Montenegro;1727;web-75.lopez-carr.biz
Mrs. Vicki Adkins MD;Martinique;1529;laptop-91.callahan.com
Angela Morgan;Djibouti;1781;laptop-30.hubbard.com
Adam Larson;Tonga;1611;lt-53.lopez.com
Antonio Martinez;Kenya;1936;srv-33.cook-hayes.com
Mrs. Makayla Warner;Cook Islands;1593;desktop-89.knox-hernandez.org
Lori Swanson;New Caledonia;1551;desktop-10.bradley.com
Daniel Joseph;Anguilla;1738;desktop-55.gaines-peters.com
Steven Murphy;Gambia;1811;db-24.robbins.com
Christopher Garrett;Saint Martin;1769;srv-35.english-lopez.net
Mallory Gregory;Guernsey;1770;laptop-23.king-cross.com
Jared Crawford;Nicaragua;2006;lt-24.richardson.biz
Christina Benjamin;Zambia;1998;db-87.hudson.biz
Kim Roth;Reunion;1673;web-18.carroll.com
Mark Oliver;Pakistan;1981;db-23.hernandez.org
Ricardo Medina;Faroe Islands;1938;lt-37.francis.com
Kyle Velez;Senegal;1622;db-96.campbell.biz
Laura Baker;Turkey;1745;email-15.austin-clark.org
Alexandria Hernandez;Suriname;2019;laptop-62.king.com
David Flores;Peru;1904;db-41.kennedy.net
Susan Richards;Costa Rica;1924;db-02.cohen.com
Stephen Haynes;Luxembourg;1993;db-39.long.org
Lisa Palmer;Timor-Leste;1749;desktop-90.barton-powell.info
Roy Welch;North Macedonia;1990;web-58.jones-bruce.net
Kenneth Porter;Grenada;1534;web-42.reed-lara.com
Gloria Gray;Indonesia;1631;web-05.johnson.net
Brian Clark;San Marino;1649;laptop-42.anderson.com
Jamie Nguyen;Oman;1873;desktop-95.patterson.com
Kristen Carpenter;Seychelles;1729;laptop-89.dougherty.com
Ashley Richardson;Niue;1893;web-87.gardner-sampson.info
Ryan Edwards;Tonga;1526;desktop-57.russell.com
Brittney Moore;Saint Pierre and Miquelon;1581;lt-52.glenn-king.com
Christopher Turner;Gambia;1969;lt-61.rangel.com
Michelle Wilson;Netherlands;1782;desktop-95.woodward-thomas.com
Dorothy Fitzpatrick;Saint Martin;1990;srv-38.gonzalez-rocha.org
Mrs. Maria Brock DDS;Moldova;1514;laptop-61.poole-wallace.info
Amy Russell;Chad;1912;web-34.lane.com
Valerie Frank;Montserrat;1761;laptop-85.ferguson-davis.com
Donna Simmons;Tuvalu;1776;email-46.mcneil.com
Danielle Gonzalez;Azerbaijan;1943;desktop-17.johnson.com
Justin Griffith;Senegal;1519;laptop-72.moore-andrews.com
Darlene Taylor;Taiwan;1826;db-81.dorsey.org
Mark Carroll;Liechtenstein;1848;web-80.malone.com
Kaitlin Young;Saint Helena;1625;db-62.skinner-swanson.com
John Nguyen;Burkina Faso;1726;lt-57.martinez.info
Melinda Duffy;Russian Federation;1711;email-36.washington.com
Meghan Thompson;El Salvador;1540;srv-07.walsh-salas.com
Emily Hall;Papua New Guinea;1948;email-28.garcia.biz
Greg Sanchez;Namibia;1824;web-58.tate.com
Matthew Tapia;Turkey;1590;desktop-13.rivas-randolph.com
Julia Huff;Bolivia;1927;desktop-76.williams-sullivan.com
Alexandra Grimes;Cocos (Keeling) Islands;1901;web-12.brown.com
Steven Dawson;Mauritania;1947;db-10.dixon-wright.com
Aimee Gardner;Bhutan;1549;db-56.cantrell-lopez.info
Michael Parsons;Libyan Arab Jamahiriya;1910;lt-14.lawrence-king.com
Aaron Gonzalez;Guinea-Bissau;1577;lt-51.monroe.com
Eric Calderon;Antigua and Barbuda;1940;email-88.watts.net
Anna Bishop;Suriname;1957;db-06.allen-anderson.com
Beth Hanson;Costa Rica;1868;srv-64.jones.net
Norma Cunningham;French Guiana;1536;lt-79.hawkins-fernandez.com
Stephanie Levine;Norway;1810;lt-06.shaffer.com
Paul Jensen;Tunisia;1633;lt-35.baker.com
Lauren Freeman;Fiji;1516;lt-07.harris.com
Jennifer Davis;Portugal;1921;db-73.yates.com
Rachel Gilbert;Solomon Islands;1854;laptop-45.phillips.com
Yolanda Rogers;Pitcairn Islands;2015;desktop-04.barrett.com
Scott Mathews;Mauritania;1794;email-88.jimenez.com
Adam White;Niue;1513;db-92.trujillo.biz
Andrea Smith;Gabon;1742;db-31.cook.info
Terri Jones;Turks and Caicos Islands;1844;laptop-15.frye-martin.biz
Brittany Gutierrez;Somalia;1676;db-53.francis.org
Jamie Griffin;Egypt;1700;lt-71.morgan.info
David Adkins;New Zealand;1626;db-82.gutierrez.org
Diane Peck;Christmas Island;1698;lt-00.carrillo.com
Margaret Ware;Japan;1982;lt-16.reyes.net
Jessica Schultz;Vietnam;1553;lt-39.thompson.biz
Shannon Campbell;Tanzania;1690;email-08.bennett.com
Andrea Villa;Angola;1571;lt-74.martin-cook.com
Angela Adams;Nigeria;1794;lt-55.dougherty-brown.com
Chris Ruiz;Isle of Man;1709;lt-82.morrison-wagner.info
Peter Lane;Faroe Islands;1544;web-22.nunez.com
Larry Burke;Iran;1996;email-85.reynolds.com
Sheena Scott;Cook Islands;1535;email-52.anderson-robinson.com
Christian Alvarez;Togo;1968;email-81.martin.com
Kayla Jones;Ukraine;1749;desktop-86.irwin.info
Vanessa Gillespie;Colombia;1521;srv-67.ryan.com
Carla King;Haiti;1889;web-63.thomas.biz
Marcus Bryan;Saudi Arabia;1965;db-76.barnes.com
Ashley Romero;Seychelles;1815;srv-96.fowler.com
Jennifer Wilson;Ghana;1819;laptop-56.mendez-greer.org
Jeffrey Barr MD;Micronesia;1784;srv-10.wood.org
Austin Kennedy;Oman;1712;desktop-85.scott.org
Julia Wood;Vietnam;1947;srv-07.norton.info
Cory Marks;Uganda;1753;lt-24.johnson.com
Dylan Simpson;Eritrea;1579;laptop-45.bryant-humphrey.org
Howard Lamb;United States Virgin Islands;1611;web-09.garcia.com
Jacob Jones;Bouvet Island (Bouvetoya);1709;email-13.leon.com
Frank Casey;Italy;1893;srv-38.hernandez.com
Destiny Harding;Panama;1840;desktop-75.rogers.org
Amy Werner;Indonesia;1637;desktop-76.blankenship.org
David Evans;Netherlands;1735;db-82.martin-jimenez.com
Janice Morgan;Suriname;1680;email-59.cline-olsen.com
Catherine Chen;Cote d'Ivoire;1858;desktop-41.goodwin.biz
Jonathan Miller;Denmark;2021;web-20.contreras.com
Robert Hale;United States of America;1804;srv-02.miller.info
Dennis Brown;Jersey;1966;lt-17.marquez-hall.com
Peter Thomas;Iraq;1673;lt-94.roberts.com
Jessica Lopez;Kenya;1983;srv-22.allen.com
Rebecca Davis;Iran;1544;web-49.watts-arnold.com
Mr. Kevin Pierce;Ecuador;1902;laptop-68.pugh.com
David Compton;Egypt;1868;db-13.jones.com
Michael Chan;Italy;1582;srv-58.cox-werner.com
Michelle Valdez;French Southern Territories;1803;email-09.morgan.net
Brianna Ali;Norway;1629;email-05.matthews.com
Justin Ray;Costa Rica;1725;db-42.blankenship.com
Kayla Nelson;Ireland;1906;desktop-34.conley-sparks.com
Timothy Kim;Nauru;1587;db-67.johnson-garcia.com
Robin Griffin;Sierra Leone;1912;lt-40.nguyen-hogan.com
Mark Martin;Maldives;1665;web-35.wood.com
Beverly Alexander;Guinea-Bissau;1835;email-26.patel.com
Anthony Hernandez;Lithuania;2004;srv-59.ward-lopez.com
Devin Gilmore;Monaco;1991;lt-60.solomon-chapman.com
Joann Love;Nepal;1870;srv-68.cardenas-hess.com
John Warner;Cambodia;1712;email-82.osborne.com
Mr. William Sanchez;Uruguay;1540;lt-01.jones.net
Dennis Ochoa;Puerto Rico;1540;db-33.gross.com
Nicholas Lawrence;Netherlands Antilles;1628;lt-38.smith.com
Gary Williams;Latvia;1780;srv-06.gray.com
Kimberly Villa;San Marino;1523;lt-62.carpenter-rush.biz
Brent Mason;Saint Pierre and Miquelon;1848;db-25.rivera.com
Kyle Smith;Dominica;1867;srv-16.mcgee-bird.com
Ms. Amy Mcguire MD;Central African Republic;1835;srv-22.stevens.org
Kelly Smith;Trinidad and Tobago;1846;desktop-52.hammond.com
Janet Tucker;Tokelau;1706;desktop-92.anderson-hunt.com
Kimberly Baker;Bouvet Island (Bouvetoya);1876;db-24.hernandez.biz
William Hickman;Marshall Islands;1947;lt-09.schmitt-frye.net
Kristi Hurley;Gabon;1888;web-79.johnston.com
Frank Young;Gabon;1909;laptop-56.parsons.info
Robert Wilson;Lao People's Democratic Republic;1889;email-41.wade.com
Robert Burns DVM;Paraguay;1882;srv-73.haley-burke.com
Marc Smith;Czech Republic;1649;lt-72.molina.info
Brent Greene;Western Sahara;2007;desktop-18.morris.com
Joel West;Jersey;1967;lt-85.stevens.com
Cynthia Conley;Korea;1961;lt-76.ramirez-reyes.com
Nicholas Thompson;Panama;1539;db-26.espinoza.com
Michael Ware;Marshall Islands;1923;lt-40.moore.net
William Wood;Lao People's Democratic Republic;1927;srv-40.martinez.com
Devin Bennett;Hong Kong;1923;db-18.manning-randolph.com
Bruce Henry Jr.;Ecuador;1798;email-86.castaneda-knight.org
Jenna Frost;Korea;1801;laptop-64.smith.com
Christian Brown;Portugal;1918;laptop-03.adkins.com
Julia Castro;Guyana;1942;db-19.scott-perez.com
Tracy Buchanan;Turkmenistan;1913;srv-09.williams-moore.info
Christopher Watson;Ireland;1982;db-37.martinez.com
Clarence King;Malta;1546;srv-57.torres.com
Vicki Padilla;Niue;1867;lt-69.johnson.com
Alyssa Thomas;Argentina;1655;desktop-04.rodriguez.com
Anita Campbell;Congo;1592;laptop-81.flynn-wright.biz
David Carney;Honduras;1977;lt-09.crawford.com
Bethany Martinez;Seychelles;1953;laptop-23.johnson.com
Morgan Moran;Kazakhstan;1602;laptop-03.cross.org
James Mitchell;Jamaica;1623;desktop-50.booth.net
Dana Smith;Canada;1962;db-50.ray-hunt.org
Angela Joseph;New Caledonia;1639;db-52.thomas-wise.info
Frank Foley;Qatar;1639;laptop-52.smith.net
Pamela Smith;Croatia;1564;db-33.bush-may.net
Christopher Gilbert;Monaco;1850;db-52.diaz.com
Maria Atkins;Rwanda;1525;lt-48.moore.net
Charles Massey;Finland;1545;laptop-31.williams.com
Steven Banks;Botswana;1759;desktop-21.williams.com
Holly Cruz;Svalbard & Jan Mayen Islands;1531;web-59.ortiz.org
Christopher Davis;Trinidad and Tobago;1810;lt-41.thomas.com
Mary Thomas;Samoa;1599;web-40.rivera.com
Christina Dyer;Micronesia;1544;lt-29.harris.com
Caroline Burke;Niue;1724;web-47.campbell-santiago.info
David Jones;Saudi Arabia;1530;db-11.garcia.com
Timothy Floyd;Brunei Darussalam;1541;email-55.payne.info
Cheryl Martinez;Cocos (Keeling) Islands;1785;srv-39.adams-lane.com
Nicole Miller;Uzbekistan;1982;srv-36.vaughn-ramos.com
Jacob Douglas;Antigua and Barbuda;1557;srv-27.gilbert.com
Traci Tran;Palau;1761;web-87.perez.info
Pamela Bullock;Austria;1663;email-71.moore.com
Christopher Woods;Lesotho;1505;desktop-34.sawyer.com
John Hardin;Marshall Islands;1915;lt-29.johnson.com
Cynthia Burke;Saudi Arabia;1685;web-99.castro.com
Anthony Vasquez;French Southern Territories;1800;desktop-17.baker.com
Jamie Marks;Cyprus;1900;db-87.mccann.org
Margaret Hall;North Macedonia;1778;web-01.hanson-burke.com
Gabriella Phillips;Saint Barthelemy;1763;lt-67.webb-howe.com
Diana Bray;United Kingdom;1820;web-44.griffin.com
George Mccarthy;Honduras;1974;email-08.white.com
James Brown;Croatia;1812;desktop-55.scott.com
Diana Gonzalez;Monaco;1931;web-95.stephens-rios.com
Amanda Smith;Macao;1670;srv-56.roberts.com
Chelsea Sullivan;Slovakia (Slovak Republic);1909;lt-66.bentley-key.com
Angel Boyd;Barbados;2001;desktop-64.watson.biz
James Fernandez;Holy See (Vatican City State);1816;laptop-80.patel.org
Christine Hicks;Marshall Islands;1659;lt-64.wells.com
Jonathan Padilla;Turkmenistan;1657;lt-86.davis-neal.com
Bryan Gay;Benin;1921;email-26.duran-williams.com
Justin Chavez;Myanmar;1845;srv-32.burton.com
Colin Lyons;Slovenia;1884;laptop-03.myers-baxter.com
Marcus Warren;Bouvet Island (Bouvetoya);1910;db-76.chaney.com
Meghan Powell;India;1619;lt-77.martinez.com
Scott Jones;Israel;1568;email-93.roth.info
Garrett Gutierrez;Georgia;1705;laptop-14.franklin-sanders.net
Amanda Sutton;Montenegro;1844;db-04.taylor-johnson.com
Dylan Gates;Uzbekistan;1670;email-91.hansen.net
Kayla Hernandez;New Caledonia;1503;db-54.melendez-hoffman.com
Katherine Brown;Bermuda;1922;laptop-73.dalton-parker.com
Kristen Caldwell;Rwanda;1552;desktop-99.austin-bailey.com
Holly Jones;Libyan Arab Jamahiriya;1985;db-62.clark-phillips.info
Pamela Barton;Macao;1988;desktop-97.nicholson.com
Rachel Mcbride;Guadeloupe;1772;db-92.wilson.com
Michael Lopez;Yemen;1555;laptop-61.jarvis-fisher.net
Manuel Ochoa;Namibia;1955;desktop-51.becker-johnson.com
Blake Barr;Azerbaijan;1662;web-81.shepherd-erickson.com
Andrew Parks;Mongolia;1879;desktop-24.martin.com
Sandra Smith;Grenada;1567;email-95.campbell.biz
Patrick Cook;Sweden;1682;lt-07.reynolds-rojas.com
Margaret Boone;Jamaica;2009;lt-57.carney.com
Rebecca Sanchez;Malaysia;1921;laptop-01.mcintyre.com
Erika Knight;San Marino;1523;web-58.king-lawrence.com
April Snow;Cook Islands;1921;lt-43.alexander.com
Steven Eaton;Cook Islands;1818;web-19.hall-santana.biz
Jason Alvarez;French Southern Territories;1537;db-71.powell.com
Brian Ross;Saint Barthelemy;1574;web-45.carson-hudson.com
Bailey Garcia;Canada;1956;db-99.gonzalez.com
Tracy Meyers;British Virgin Islands;1844;laptop-53.hanna.biz
Kimberly Boone;Lithuania;1538;email-26.pena.com
Allison Aguilar MD;Saint Martin;1543;laptop-34.lowe-brown.com
Victoria Davis;Sweden;1555;laptop-72.brown.info
Shannon Martin;Norfolk Island;1599;lt-79.richardson.com
Kristina Mclaughlin PhD;Marshall Islands;1944;desktop-42.bryant-mcintyre.com
Joel Powers;Korea;1848;db-89.brown.com
Derek Hill;Saint Barthelemy;1692;email-65.valentine.info
Brandon Powell;Kazakhstan;1581;laptop-73.allen.biz
David Lawson;Moldova;1956;desktop-38.walker-hill.org
Kim Patel;Mauritius;1532;lt-79.torres-clarke.com
Michael Scott;Indonesia;1808;web-19.tran.biz
Gregory Summers;Guinea-Bissau;1746;web-05.wise.com
Tanya Williamson;French Guiana;1773;email-88.solis-hart.com
Brendan Robertson;Armenia;1560;lt-69.king.com
Glenn Jones;Bahrain;1893;web-04.clark.org
Justin Eaton;Slovakia (Slovak Republic);1944;lt-96.harper.com
Mark Baker;Burundi;1949;srv-91.johnson.com
Cynthia Smith;Northern Mariana Islands;1759;lt-65.chen.info
Bryan Moore;Angola;1663;db-33.graham.info
Lisa Perez;Madagascar;1637;email-69.white.com
Robert Olsen;Romania;1765;lt-13.brown.info
Jonathan Benitez;Russian Federation;1839;lt-48.matthews.biz
Courtney Bonilla;Azerbaijan;1680;laptop-81.mills.com
Angela Hester;Malawi;1982;web-32.anderson-sanford.biz
Ashley Long;Mozambique;1517;email-99.flynn-johnson.info
Lauren Daniels;Cambodia;1958;srv-13.taylor-kim.com
Dr. Charlotte Hunt DDS;Cayman Islands;1543;desktop-59.day.com
Daniel Johnson;Hong Kong;1892;desktop-03.mcbride-little.com
Carly Hoffman;Morocco;1577;desktop-45.cooke-wilson.com
Tyler Williams;Saint Kitts and Nevis;1942;db-79.evans.info
Shannon Carter;Comoros;1636;srv-15.lee.com
Kenneth Johnson;Sweden;1869;email-02.blair.com
Kristen Hunt;Colombia;1623;lt-60.richards-fuller.com
Justin Oliver;Luxembourg;1819;web-12.weeks-johnson.com
George Hull;Lebanon;1846;db-69.sanchez.info
Hayden Fitzgerald;Marshall Islands;1845;desktop-68.miller-palmer.com
Marc Craig;British Virgin Islands;1639;web-71.sutton.com
Tamara Miller;United States of America;1817;lt-07.wright-rodriguez.com
Marc Kirk;Nigeria;1584;web-79.gutierrez.com
Ryan Thomas;Australia;2017;desktop-99.hernandez.com
Michael Patterson;Bermuda;1923;db-27.coffey.com
Ethan Fletcher;Guadeloupe;1629;laptop-20.davis.info
Joseph Baird;Montenegro;1971;lt-37.edwards.biz
Andrew Mercado;Tajikistan;1718;web-39.kemp-thompson.net
James Murphy;Turkmenistan;1516;desktop-86.lee.biz
Amanda Smith;Jersey;1875;db-25.owens.biz
Brenda Lopez;Lao People's Democratic Republic;1588;db-99.leon.com
Mrs. Elizabeth Lewis MD;Uruguay;1599;laptop-88.johnson.net
Jeremy Hicks;Isle of Man;1858;email-93.sandoval-cochran.com
Tamara Cummings;Algeria;1693;lt-27.alvarez.com
Cynthia Martinez;North Macedonia;1636;desktop-29.barnes-mccoy.com
Peter Smith;Northern Mariana Islands;2014;srv-19.may.com
Christina Warren;Mozambique;1994;desktop-08.walter.com
David Callahan;Egypt;1578;laptop-33.faulkner.com
Mark Arnold;Bolivia;1935;lt-45.spencer.com
Dwayne Snyder;Kuwait;1983;web-67.chandler-young.info
Michael Carney;Saint Barthelemy;1734;email-76.mcbride.com
Jennifer Wiggins;Pitcairn Islands;1827;lt-18.larson-kidd.net
William Garza;Togo;1748;laptop-04.hebert-gray.com
Kyle Sanchez;Fiji;2022;srv-38.merritt-hall.org
Jeffrey Ayers;Argentina;1970;srv-86.zuniga-dillon.com
Joshua Robinson;Central African Republic;1615;laptop-21.carr-fields.com
Ryan Blackwell;Sri Lanka;1984;laptop-85.andrade-marquez.info
Shaun Scott;Eritrea;1828;laptop-83.gill.com
Michelle Williams;Lesotho;1814;lt-78.berry.com
Vincent Nelson;Montserrat;1606;lt-97.aguilar.com
Sara Phillips;Timor-Leste;1625;desktop-00.hamilton.biz
Jose Patterson;Guinea;2009;db-18.miller.com
Mary Ramirez;Anguilla;1629;db-47.fowler.com
Daniel Edwards;Colombia;1953;lt-39.bruce-lewis.com
Peter Thomas;Nepal;1510;email-11.anderson.info
David Payne;Saint Barthelemy;1984;web-74.campbell.info
Jeremy Rivera;New Zealand;1764;laptop-80.brewer-frost.com
Michelle Dean;Iceland;1842;desktop-09.peterson.org
Mario Gibson;Belize;1846;web-92.hensley.com
Alexandria Stark;Reunion;1523;lt-87.jenkins.com
James Carter MD;Botswana;1818;laptop-18.benitez.com
Matthew Hines;Grenada;1646;db-24.smith.info
Veronica Walton;Canada;2003;lt-73.brooks-perry.com
Samantha Ortega;Italy;1960;email-47.callahan-grimes.com
Michelle Bates;Nauru;1841;laptop-37.perez.com
Richard Medina;Cuba;1575;laptop-98.harrington-johnson.org
Scott Nguyen;Australia;1523;web-30.carter-shelton.com
Sandra Martin;Suriname;1719;laptop-51.morgan-scott.com
Emily Smith;Saint Barthelemy;1918;web-34.morales-moore.info
Michelle Thompson;Nigeria;1595;lt-84.munoz-berry.biz
Christy Merritt;Tunisia;1592;laptop-59.zimmerman-tucker.com
Jill Torres;Mayotte;1762;web-78.morse.com
William Miller;Cook Islands;1981;desktop-37.boyd.info
Lisa Baldwin;Guernsey;1972;laptop-70.johnson.org
Pamela Smith;Greenland;1619;db-38.santiago.com
James Hammond;Equatorial Guinea;1606;web-53.zimmerman.info
James Rivera;Indonesia;1627;email-53.thomas.com
Joshua Turner;Algeria;1855;srv-77.vazquez.org
Kathleen Shaffer;Morocco;1560;email-31.wilson.org
Eric Herrera;Solomon Islands;1866;srv-42.brooks-rios.com
Morgan Sawyer;Pitcairn Islands;2012;web-05.frazier-kelley.com
Heather Booth;Libyan Arab Jamahiriya;1715;desktop-83.howard.org
Paige Smith;Bahamas;1703;laptop-33.rivera-mitchell.com
Elizabeth Vaughn;Guinea;1825;desktop-79.padilla.com
Aaron Williams;Finland;1951;web-97.kirk.com
Sarah Conley;North Macedonia;1827;email-93.maldonado-nicholson.com
Elizabeth Ashley;Grenada;1777;laptop-52.jones.com
Richard Washington;Syrian Arab Republic;1717;web-05.farmer.info
Alicia Murphy;Hungary;1649;laptop-47.andersen.com
Cassie Whitaker;American Samoa;1991;lt-61.santiago-fox.com
James Oconnor;Uzbekistan;1883;email-30.cruz.info
Jonathan Johnson;Monaco;1689;desktop-12.roberts-obrien.info
Tracy Rodriguez;Jordan;1774;web-00.wallace.com
Sean Charles;Reunion;1770;web-57.guerrero.com
Matthew Green;Colombia;1666;laptop-63.foster.com
Taylor Collins;Mexico;1982;laptop-75.martin-turner.com
